SA2_CODE,SA2_NAME,year,quarter,median_price,WFH_rate,school_quality,transport_access,green_space,median_income,industry_share
206041,Melbourne CBD,2020,Q1,763900.0,17.3,8,10.0,7.2,84729.0,Finance
206041,Melbourne CBD,2020,Q2,730500.0,69.8,8,10.0,7.2,84729.0,Finance
206041,Melbourne CBD,2020,Q3,726200.0,68.0,8,10.0,7.2,84729.0,Finance
206041,Melbourne CBD,2020,Q4,772500.0,52.7,8,10.0,7.2,84729.0,Finance
206041,Melbourne CBD,2021,Q1,768500.0,50.3,8,10.0,7.2,84729.0,Finance
206041,Melbourne CBD,2021,Q2,810800.0,59.6,8,10.0,7.2,84729.0,Finance
206041,Melbourne CBD,2021,Q3,843900.0,54.1,8,10.0,7.2,84729.0,Finance
206041,Melbourne CBD,2021,Q4,864200.0,51.7,8,10.0,7.2,84729.0,Finance
206041,Melbourne CBD,2022,Q1,838000.0,55.5,8,10.0,7.2,84729.0,Finance
206041,Melbourne CBD,2022,Q2,852800.0,57.1,8,10.0,7.2,84729.0,Finance
206041,Melbourne CBD,2022,Q3,849800.0,59.5,8,10.0,7.2,84729.0,Finance
206041,Melbourne CBD,2022,Q4,886000.0,57.4,8,10.0,7.2,84729.0,Finance
206041,Melbourne CBD,2023,Q1,903300.0,34.2,8,10.0,7.2,84729.0,Finance
206041,Melbourne CBD,2023,Q2,903200.0,32.5,8,10.0,7.2,84729.0,Finance
206041,Melbourne CBD,2023,Q3,907400.0,30.1,8,10.0,7.2,84729.0,Finance
206041,Melbourne CBD,2023,Q4,862900.0,31.2,8,10.0,7.2,84729.0,Finance
206041,Melbourne CBD,2024,Q1,871500.0,34.7,8,10.0,7.2,84729.0,Finance
206041,Melbourne CBD,2024,Q2,887900.0,31.0,8,10.0,7.2,84729.0,Finance
206041,Melbourne CBD,2024,Q3,817700.0,31.7,8,10.0,7.2,84729.0,Finance
206042,Southbank,2020,Q1,836100.0,14.3,7,10.0,3.1,,Finance
206042,Southbank,2020,Q2,868000.0,66.4,7,10.0,3.1,104869.0,Finance
206042,Southbank,2020,Q3,856700.0,60.5,7,10.0,3.1,104869.0,Finance
206042,Southbank,2020,Q4,922700.0,55.0,7,10.0,3.1,104869.0,Finance
206042,Southbank,2021,Q1,883900.0,58.6,7,10.0,3.1,104869.0,Finance
206042,Southbank,2021,Q2,928300.0,50.7,7,10.0,3.1,104869.0,Finance
206042,Southbank,2021,Q3,982500.0,56.4,7,10.0,3.1,104869.0,Finance
206042,Southbank,2021,Q4,991300.0,59.4,7,10.0,3.1,104869.0,Finance
206042,Southbank,2022,Q1,978200.0,55.8,7,10.0,3.1,104869.0,Finance
206042,Southbank,2022,Q2,1038800.0,54.6,7,10.0,3.1,104869.0,Finance
206042,Southbank,2022,Q3,990800.0,55.5,7,10.0,3.1,104869.0,Finance
206042,Southbank,2022,Q4,1010800.0,59.6,7,10.0,3.1,104869.0,Finance
206042,Southbank,2023,Q1,1021600.0,39.1,7,10.0,3.1,104869.0,Finance
206042,Southbank,2023,Q2,1037000.0,30.7,7,10.0,3.1,104869.0,Finance
206042,Southbank,2023,Q3,1018400.0,33.2,7,10.0,3.1,104869.0,Finance
206042,Southbank,2023,Q4,1007900.0,31.2,7,10.0,3.1,104869.0,Finance
206042,Southbank,2024,Q1,1023800.0,37.0,7,10.0,3.1,104869.0,Finance
206042,Southbank,2024,Q2,1037200.0,37.4,7,10.0,3.1,104869.0,Finance
206042,Southbank,2024,Q3,1025200.0,38.0,7,10.0,3.1,104869.0,Finance
206043,Docklands,2020,Q1,872800.0,18.900000000000002,6,9.0,4.3,98260.0,Tech
206043,Docklands,2020,Q2,864200.0,73.548,6,9.0,4.3,98260.0,Tech
206043,Docklands,2020,Q3,916600.0,68.796,6,9.0,4.3,98260.0,Tech
206043,Docklands,2020,Q4,934700.0,62.424,6,9.0,4.3,98260.0,Tech
206043,Docklands,2021,Q1,956600.0,63.288000000000004,6,9.0,4.3,98260.0,Tech
206043,Docklands,2021,Q2,980600.0,58.644,6,9.0,4.3,98260.0,Tech
206043,Docklands,2021,Q3,1029000.0,55.080000000000005,6,9.0,4.3,98260.0,Tech
206043,Docklands,2021,Q4,1046000.0,63.720000000000006,6,9.0,4.3,98260.0,Tech
206043,Docklands,2022,Q1,1051800.0,57.45600000000001,6,9.0,4.3,98260.0,Tech
206043,Docklands,2022,Q2,1047400.0,63.720000000000006,6,9.0,4.3,98260.0,Tech
206043,Docklands,2022,Q3,1063200.0,64.26,6,9.0,4.3,98260.0,Tech
206043,Docklands,2022,Q4,1051500.0,60.156000000000006,6,9.0,4.3,98260.0,Tech
206043,Docklands,2023,Q1,1032700.0,35.532000000000004,6,9.0,4.3,98260.0,Tech
206043,Docklands,2023,Q2,1117100.0,35.964,6,9.0,4.3,98260.0,Tech
206043,Docklands,2023,Q3,1097000.0,40.932,6,9.0,4.3,98260.0,Tech
206043,Docklands,2023,Q4,1077300.0,40.932,6,9.0,4.3,98260.0,Tech
206043,Docklands,2024,Q1,1046400.0,33.048,6,9.0,4.3,98260.0,Tech
206043,Docklands,2024,Q2,1040400.0,38.34,6,9.0,4.3,98260.0,Tech
206043,Docklands,2024,Q3,1080100.0,36.18,6,9.0,4.3,98260.0,Tech
206044,East Melbourne,2020,Q1,709900.0,11.2,7,9.0,5.0,82758.0,Healthcare
206044,East Melbourne,2020,Q2,706900.0,66.2,7,9.0,5.0,82758.0,Healthcare
206044,East Melbourne,2020,Q3,727400.0,61.0,7,9.0,5.0,82758.0,Healthcare
206044,East Melbourne,2020,Q4,751700.0,50.7,7,9.0,5.0,82758.0,Healthcare
206044,East Melbourne,2021,Q1,751300.0,58.2,7,9.0,5.0,82758.0,Healthcare
206044,East Melbourne,2021,Q2,782400.0,50.8,7,9.0,5.0,82758.0,Healthcare
206044,East Melbourne,2021,Q3,815800.0,59.9,7,,5.0,82758.0,Healthcare
206044,East Melbourne,2021,Q4,801800.0,58.1,7,9.0,5.0,82758.0,Healthcare
206044,East Melbourne,2022,Q1,799200.0,59.5,7,9.0,5.0,82758.0,Healthcare
206044,East Melbourne,2022,Q2,827800.0,57.8,7,9.0,5.0,82758.0,Healthcare
206044,East Melbourne,2022,Q3,843800.0,55.6,7,9.0,5.0,82758.0,Healthcare
206044,East Melbourne,2022,Q4,860200.0,51.1,7,9.0,5.0,82758.0,Healthcare
206044,East Melbourne,2023,Q1,839500.0,34.9,7,9.0,5.0,82758.0,Healthcare
206044,East Melbourne,2023,Q2,859900.0,30.6,7,9.0,5.0,82758.0,Healthcare
206044,East Melbourne,2023,Q3,855200.0,31.2,7,9.0,5.0,82758.0,Healthcare
206044,East Melbourne,2023,Q4,856200.0,37.5,7,9.0,5.0,82758.0,Healthcare
206044,East Melbourne,2024,Q1,825800.0,35.8,7,9.0,5.0,82758.0,Healthcare
206044,East Melbourne,2024,Q2,848100.0,32.9,7,9.0,5.0,82758.0,Healthcare
206044,East Melbourne,2024,Q3,856700.0,38.7,7,9.0,5.0,82758.0,Healthcare
206045,West Melbourne,2020,Q1,755900.0,10.7,8,9.0,6.6,92714.0,Retail
206045,West Melbourne,2020,Q2,741300.0,65.5,8,9.0,6.6,92714.0,Retail
206045,West Melbourne,2020,Q3,778000.0,66.3,8,9.0,6.6,92714.0,Retail
206045,West Melbourne,2020,Q4,798600.0,57.0,8,9.0,6.6,92714.0,Retail
206045,West Melbourne,2021,Q1,836900.0,55.8,8,9.0,6.6,92714.0,Retail
206045,West Melbourne,2021,Q2,822100.0,59.0,8,9.0,6.6,92714.0,Retail
206045,West Melbourne,2021,Q3,895900.0,52.8,8,9.0,6.6,92714.0,Retail
206045,West Melbourne,2021,Q4,858700.0,51.9,8,9.0,6.6,92714.0,Retail
206045,West Melbourne,2022,Q1,832300.0,55.8,8,9.0,6.6,92714.0,Retail
206045,West Melbourne,2022,Q2,878400.0,50.8,8,9.0,6.6,92714.0,Retail
206045,West Melbourne,2022,Q3,901900.0,53.1,8,9.0,6.6,92714.0,Retail
206045,West Melbourne,2022,Q4,927500.0,58.1,8,9.0,6.6,92714.0,Retail
206045,West Melbourne,2023,Q1,874200.0,39.1,8,9.0,6.6,92714.0,Retail
206045,West Melbourne,2023,Q2,918200.0,38.2,8,9.0,6.6,92714.0,Retail
206045,West Melbourne,2023,Q3,885200.0,39.3,8,,6.6,92714.0,Retail
206045,West Melbourne,2023,Q4,932200.0,38.7,8,9.0,6.6,92714.0,Retail
206045,West Melbourne,2024,Q1,908500.0,39.9,8,9.0,6.6,92714.0,Retail
206045,West Melbourne,2024,Q2,889900.0,31.5,8,9.0,6.6,92714.0,Retail
206045,West Melbourne,2024,Q3,867600.0,39.7,8,9.0,6.6,92714.0,Retail
206111,Toorak,2020,Q1,1386500.0,18.4,8,9.0,19.6,148732.0,Finance
206111,Toorak,2020,Q2,1326400.0,56.2,8,9.0,19.6,148732.0,Finance
206111,Toorak,2020,Q3,1429400.0,54.1,8,9.0,19.6,148732.0,Finance
206111,Toorak,2020,Q4,1418500.0,61.5,8,,19.6,148732.0,Finance
206111,Toorak,2021,Q1,1440600.0,64.2,8,9.0,19.6,148732.0,Finance
206111,Toorak,2021,Q2,1484200.0,56.8,8,9.0,19.6,148732.0,Finance
206111,Toorak,2021,Q3,1558900.0,,8,9.0,19.6,148732.0,Finance
206111,Toorak,2021,Q4,1569400.0,53.4,8,9.0,19.6,148732.0,Finance
206111,Toorak,2022,Q1,1575200.0,60.1,8,9.0,,148732.0,Finance
206111,Toorak,2022,Q2,1543600.0,51.7,8,9.0,19.6,148732.0,Finance
206111,Toorak,2022,Q3,1647900.0,60.1,8,9.0,19.6,148732.0,Finance
206111,Toorak,2022,Q4,1653300.0,57.8,8,9.0,19.6,148732.0,Finance
206111,Toorak,2023,Q1,1600600.0,48.5,8,9.0,19.6,148732.0,Finance
206111,Toorak,2023,Q2,1698200.0,48.8,8,9.0,19.6,,Finance
206111,Toorak,2023,Q3,1688200.0,44.0,8,9.0,19.6,148732.0,Finance
206111,Toorak,2023,Q4,1633900.0,47.0,8,9.0,,148732.0,Finance
206111,Toorak,2024,Q1,1635700.0,42.1,8,9.0,19.6,148732.0,Finance
206111,Toorak,2024,Q2,1645600.0,43.9,8,9.0,19.6,148732.0,Finance
206111,Toorak,2024,Q3,1554800.0,44.4,8,9.0,19.6,148732.0,Finance
206112,South Yarra,2020,Q1,1547800.0,16.308,8,9.0,13.3,140924.0,Finance
206112,South Yarra,2020,Q2,1554400.0,66.744,8,9.0,13.3,140924.0,Finance
206112,South Yarra,2020,Q3,1660400.0,,8,9.0,13.3,140924.0,Finance
206112,South Yarra,2020,Q4,1589900.0,69.33600000000001,8,9.0,13.3,140924.0,Finance
206112,South Yarra,2021,Q1,1602500.0,61.452000000000005,8,9.0,13.3,140924.0,Finance
206112,South Yarra,2021,Q2,1724500.0,69.876,8,9.0,13.3,140924.0,Finance
206112,South Yarra,2021,Q3,1701500.0,64.26,8,9.0,13.3,140924.0,Finance
206112,South Yarra,2021,Q4,1801500.0,57.888000000000005,8,9.0,13.3,140924.0,Finance
206112,South Yarra,2022,Q1,1810500.0,56.916000000000004,8,9.0,13.3,140924.0,Finance
206112,South Yarra,2022,Q2,1801200.0,59.61600000000001,8,9.0,13.3,140924.0,Finance
206112,South Yarra,2022,Q3,1849900.0,64.80000000000001,8,9.0,13.3,140924.0,Finance
206112,South Yarra,2022,Q4,1883800.0,56.80800000000001,8,9.0,13.3,140924.0,Finance
206112,South Yarra,2023,Q1,1821300.0,45.144,8,9.0,13.3,140924.0,Finance
206112,South Yarra,2023,Q2,1850300.0,44.172000000000004,8,9.0,13.3,140924.0,Finance
206112,South Yarra,2023,Q3,1876000.0,45.468,8,9.0,13.3,140924.0,Finance
206112,South Yarra,2023,Q4,1821000.0,47.08800000000001,8,9.0,13.3,140924.0,Finance
206112,South Yarra,2024,Q1,1907400.0,43.632,8,9.0,13.3,140924.0,Finance
206112,South Yarra,2024,Q2,1858900.0,51.84,8,9.0,13.3,140924.0,Finance
206112,South Yarra,2024,Q3,1831600.0,52.596000000000004,8,9.0,13.3,140924.0,Finance
206113,Hawthorn,2020,Q1,2086600.0,19.2,9,9.0,11.7,174401.0,Education
206113,Hawthorn,2020,Q2,2041400.0,62.1,9,9.0,11.7,174401.0,Education
206113,Hawthorn,2020,Q3,2137400.0,61.2,9,9.0,11.7,174401.0,Education
206113,Hawthorn,2020,Q4,2159800.0,55.6,9,9.0,11.7,174401.0,Education
206113,Hawthorn,2021,Q1,2189600.0,57.3,9,9.0,11.7,174401.0,Education
206113,Hawthorn,2021,Q2,2235200.0,,9,9.0,,174401.0,Education
206113,Hawthorn,2021,Q3,2434500.0,61.2,9,9.0,,174401.0,Education
206113,Hawthorn,2021,Q4,2437400.0,57.7,9,9.0,11.7,174401.0,Education
206113,Hawthorn,2022,Q1,2414600.0,58.0,9,9.0,11.7,174401.0,Education
206113,Hawthorn,2022,Q2,2444600.0,58.0,9,9.0,11.7,174401.0,Education
206113,Hawthorn,2022,Q3,2425700.0,53.6,9,9.0,11.7,174401.0,Education
206113,Hawthorn,2022,Q4,2430600.0,50.3,9,9.0,11.7,174401.0,Education
206113,Hawthorn,2023,Q1,2387900.0,43.2,9,9.0,11.7,174401.0,Education
206113,Hawthorn,2023,Q2,2477700.0,41.2,9,,11.7,174401.0,Education
206113,Hawthorn,2023,Q3,2455900.0,48.9,9,9.0,11.7,174401.0,Education
206113,Hawthorn,2023,Q4,2566500.0,47.9,9,9.0,11.7,174401.0,Education
206113,Hawthorn,2024,Q1,2493600.0,45.0,9,9.0,11.7,174401.0,Education
206113,Hawthorn,2024,Q2,2484100.0,45.9,9,9.0,11.7,174401.0,Education
206113,Hawthorn,2024,Q3,2437500.0,47.5,9,9.0,11.7,174401.0,Education
206114,Kew,2020,Q1,1684800.0,12.8,8,9.0,17.3,158788.0,Education
206114,Kew,2020,Q2,1687900.0,55.4,8,9.0,17.3,158788.0,Education
206114,Kew,2020,Q3,1810700.0,55.3,8,9.0,17.3,158788.0,Education
206114,Kew,2020,Q4,1876700.0,64.8,8,9.0,17.3,158788.0,Education
206114,Kew,2021,Q1,1783000.0,51.5,8,9.0,17.3,158788.0,Education
206114,Kew,2021,Q2,1930300.0,52.3,8,9.0,17.3,158788.0,Education
206114,Kew,2021,Q3,1936800.0,52.8,8,9.0,17.3,158788.0,Education
206114,Kew,2021,Q4,1975900.0,54.3,8,9.0,17.3,158788.0,Education
206114,Kew,2022,Q1,1989100.0,56.2,8,9.0,17.3,158788.0,Education
206114,Kew,2022,Q2,1995800.0,64.7,8,9.0,17.3,158788.0,Education
206114,Kew,2022,Q3,2038000.0,64.5,8,9.0,17.3,158788.0,Education
206114,Kew,2022,Q4,2006600.0,63.0,8,9.0,17.3,,Education
206114,Kew,2023,Q1,2011800.0,41.7,8,9.0,17.3,,Education
206114,Kew,2023,Q2,2110100.0,46.7,8,9.0,17.3,158788.0,Education
206114,Kew,2023,Q3,2082800.0,45.7,8,9.0,17.3,158788.0,Education
206114,Kew,2023,Q4,2086800.0,42.8,8,9.0,17.3,158788.0,Education
206114,Kew,2024,Q1,2002200.0,43.2,8,9.0,17.3,158788.0,Education
206114,Kew,2024,Q2,2077300.0,44.3,8,9.0,17.3,158788.0,Education
206114,Kew,2024,Q3,1987000.0,41.1,8,9.0,17.3,158788.0,Education
206115,Camberwell,2020,Q1,1376400.0,16.1,8,8.0,12.7,139700.0,Education
206115,Camberwell,2020,Q2,1371400.0,52.3,8,8.0,12.7,139700.0,Education
206115,Camberwell,2020,Q3,1373600.0,57.2,8,8.0,12.7,139700.0,Education
206115,Camberwell,2020,Q4,1425900.0,55.0,8,8.0,12.7,139700.0,Education
206115,Camberwell,2021,Q1,1467400.0,52.0,8,8.0,12.7,139700.0,Education
206115,Camberwell,2021,Q2,1556200.0,53.8,8,8.0,12.7,139700.0,Education
206115,Camberwell,2021,Q3,1550200.0,60.2,8,8.0,12.7,139700.0,Education
206115,Camberwell,2021,Q4,1611600.0,57.1,8,8.0,12.7,139700.0,Education
206115,Camberwell,2022,Q1,1633900.0,56.2,8,8.0,12.7,139700.0,Education
206115,Camberwell,2022,Q2,1640700.0,62.5,8,8.0,12.7,139700.0,Education
206115,Camberwell,2022,Q3,1630000.0,64.5,8,8.0,12.7,139700.0,Education
206115,Camberwell,2022,Q4,1645500.0,64.1,8,8.0,12.7,139700.0,Education
206115,Camberwell,2023,Q1,1607000.0,41.8,8,8.0,12.7,,Education
206115,Camberwell,2023,Q2,1664200.0,45.7,8,8.0,12.7,139700.0,Education
206115,Camberwell,2023,Q3,1656100.0,48.4,8,8.0,12.7,139700.0,Education
206115,Camberwell,2023,Q4,1654200.0,42.0,8,8.0,12.7,139700.0,Education
206115,Camberwell,2024,Q1,1608300.0,41.6,8,8.0,12.7,139700.0,Education
206115,Camberwell,2024,Q2,1654400.0,46.7,8,8.0,12.7,139700.0,Education
206115,Camberwell,2024,Q3,1627600.0,45.2,8,8.0,12.7,139700.0,Education
206116,Balwyn,2020,Q1,2033100.0,13.9,9,8.0,14.5,165491.0,Education
206116,Balwyn,2020,Q2,1955000.0,62.2,9,8.0,14.5,165491.0,Education
206116,Balwyn,2020,Q3,1980700.0,56.9,9,8.0,14.5,165491.0,Education
206116,Balwyn,2020,Q4,2057200.0,54.5,9,8.0,14.5,165491.0,Education
206116,Balwyn,2021,Q1,2131200.0,53.5,9,8.0,14.5,165491.0,Education
206116,Balwyn,2021,Q2,2291300.0,63.5,9,8.0,14.5,165491.0,Education
206116,Balwyn,2021,Q3,2317000.0,63.6,9,8.0,14.5,165491.0,Education
206116,Balwyn,2021,Q4,2215100.0,59.4,9,8.0,14.5,165491.0,Education
206116,Balwyn,2022,Q1,2239800.0,52.1,9,8.0,14.5,165491.0,Education
206116,Balwyn,2022,Q2,2411100.0,61.9,9,8.0,14.5,165491.0,Education
206116,Balwyn,2022,Q3,2408600.0,63.4,9,8.0,14.5,165491.0,Education
206116,Balwyn,2022,Q4,2481500.0,61.8,9,8.0,14.5,165491.0,Education
206116,Balwyn,2023,Q1,2342200.0,42.5,9,8.0,14.5,165491.0,Education
206116,Balwyn,2023,Q2,2373300.0,47.4,9,8.0,14.5,165491.0,Education
206116,Balwyn,2023,Q3,2417700.0,47.6,9,8.0,14.5,165491.0,Education
206116,Balwyn,2023,Q4,2365000.0,48.8,9,8.0,14.5,165491.0,Education
206116,Balwyn,2024,Q1,2405700.0,41.1,9,8.0,14.5,165491.0,Education
206116,Balwyn,2024,Q2,2361100.0,48.5,9,8.0,14.5,165491.0,Education
206116,Balwyn,2024,Q3,2372600.0,48.0,9,8.0,14.5,165491.0,Education
206117,Balwyn North,2020,Q1,2111900.0,11.5,10,8.0,8.1,180309.0,Education
206117,Balwyn North,2020,Q2,2153400.0,60.8,10,8.0,8.1,180309.0,Education
206117,Balwyn North,2020,Q3,2184700.0,59.6,10,8.0,8.1,180309.0,Education
206117,Balwyn North,2020,Q4,2282000.0,53.8,10,8.0,8.1,180309.0,Education
206117,Balwyn North,2021,Q1,2382700.0,55.2,10,8.0,,180309.0,Education
206117,Balwyn North,2021,Q2,2304800.0,56.9,10,8.0,8.1,180309.0,Education
206117,Balwyn North,2021,Q3,2530400.0,,10,8.0,8.1,180309.0,Education
206117,Balwyn North,2021,Q4,2512200.0,57.6,10,8.0,8.1,180309.0,Education
206117,Balwyn North,2022,Q1,2431900.0,59.2,10,8.0,8.1,180309.0,Education
206117,Balwyn North,2022,Q2,2546500.0,60.4,10,8.0,8.1,180309.0,Education
206117,Balwyn North,2022,Q3,2601100.0,63.8,10,8.0,8.1,180309.0,Education
206117,Balwyn North,2022,Q4,2518300.0,58.6,10,8.0,8.1,180309.0,Education
206117,Balwyn North,2023,Q1,2572200.0,46.1,10,8.0,8.1,180309.0,Education
206117,Balwyn North,2023,Q2,2685400.0,49.3,10,8.0,8.1,180309.0,Education
206117,Balwyn North,2023,Q3,2575900.0,49.3,10,8.0,8.1,180309.0,Education
206117,Balwyn North,2023,Q4,2523000.0,49.8,10,8.0,8.1,180309.0,Education
206117,Balwyn North,2024,Q1,2534100.0,48.4,10,8.0,8.1,180309.0,Education
206117,Balwyn North,2024,Q2,2574300.0,45.9,10,8.0,8.1,180309.0,Education
206117,Balwyn North,2024,Q3,2627700.0,44.0,10,8.0,,180309.0,Education
206118,Malvern,2020,Q1,1872300.0,18.0,9,9.0,8.9,179156.0,Finance
206118,Malvern,2020,Q2,1833900.0,50.1,9,9.0,8.9,179156.0,Finance
206118,Malvern,2020,Q3,1901500.0,58.1,9,9.0,8.9,179156.0,Finance
206118,Malvern,2020,Q4,1908100.0,63.8,9,9.0,8.9,179156.0,Finance
206118,Malvern,2021,Q1,1950800.0,61.1,9,9.0,8.9,179156.0,Finance
206118,Malvern,2021,Q2,2029800.0,56.8,9,9.0,8.9,179156.0,Finance
206118,Malvern,2021,Q3,2131100.0,52.1,9,9.0,8.9,179156.0,Finance
206118,Malvern,2021,Q4,2112800.0,52.6,9,9.0,8.9,179156.0,Finance
206118,Malvern,2022,Q1,2052300.0,63.7,9,9.0,8.9,179156.0,Finance
206118,Malvern,2022,Q2,2213200.0,55.4,9,9.0,8.9,179156.0,Finance
206118,Malvern,2022,Q3,2318300.0,50.2,9,9.0,8.9,179156.0,Finance
206118,Malvern,2022,Q4,2281300.0,60.0,9,9.0,8.9,179156.0,Finance
206118,Malvern,2023,Q1,2209900.0,40.9,9,9.0,8.9,179156.0,Finance
206118,Malvern,2023,Q2,2219000.0,50.0,9,9.0,8.9,179156.0,Finance
206118,Malvern,2023,Q3,2386000.0,40.7,9,9.0,8.9,179156.0,Finance
206118,Malvern,2023,Q4,2247000.0,47.5,9,9.0,8.9,179156.0,Finance
206118,Malvern,2024,Q1,2223900.0,42.1,9,9.0,8.9,179156.0,Finance
206118,Malvern,2024,Q2,2235700.0,,9,9.0,8.9,179156.0,Finance
206118,Malvern,2024,Q3,2240700.0,45.6,9,9.0,8.9,179156.0,Finance
206121,Footscray,2020,Q1,1022300.0,10.7,7,7.0,14.7,107934.0,Healthcare
206121,Footscray,2020,Q2,1012600.0,57.9,7,7.0,14.7,107934.0,Healthcare
206121,Footscray,2020,Q3,1100100.0,56.6,7,7.0,14.7,107934.0,Healthcare
206121,Footscray,2020,Q4,1113000.0,52.3,7,7.0,14.7,107934.0,Healthcare
206121,Footscray,2021,Q1,1056200.0,52.7,7,7.0,14.7,107934.0,Healthcare
206121,Footscray,2021,Q2,1114400.0,59.7,7,7.0,14.7,107934.0,Healthcare
206121,Footscray,2021,Q3,1160500.0,56.1,7,7.0,14.7,107934.0,Healthcare
206121,Footscray,2021,Q4,1221100.0,50.4,7,7.0,14.7,107934.0,Healthcare
206121,Footscray,2022,Q1,1224100.0,53.3,7,7.0,14.7,107934.0,Healthcare
206121,Footscray,2022,Q2,1236800.0,50.3,7,7.0,14.7,107934.0,Healthcare
206121,Footscray,2022,Q3,1202400.0,51.6,7,7.0,14.7,107934.0,Healthcare
206121,Footscray,2022,Q4,1214800.0,59.8,7,7.0,14.7,107934.0,Healthcare
206121,Footscray,2023,Q1,1234600.0,42.4,7,7.0,14.7,107934.0,Healthcare
206121,Footscray,2023,Q2,1242700.0,47.2,7,7.0,14.7,107934.0,Healthcare
206121,Footscray,2023,Q3,1239400.0,48.6,7,7.0,14.7,107934.0,Healthcare
206121,Footscray,2023,Q4,1226100.0,46.7,7,7.0,14.7,107934.0,Healthcare
206121,Footscray,2024,Q1,1247200.0,42.0,7,7.0,14.7,107934.0,Healthcare
206121,Footscray,2024,Q2,1248500.0,40.1,7,7.0,14.7,107934.0,Healthcare
206121,Footscray,2024,Q3,1226200.0,40.9,7,7.0,14.7,107934.0,Healthcare
206122,Yarraville,2020,Q1,1082500.0,14.2,7,9.0,,117725.0,Retail
206122,Yarraville,2020,Q2,1032600.0,63.4,7,9.0,17.1,117725.0,Retail
206122,Yarraville,2020,Q3,1099700.0,53.9,7,9.0,17.1,117725.0,Retail
206122,Yarraville,2020,Q4,1153700.0,55.7,7,9.0,17.1,117725.0,Retail
206122,Yarraville,2021,Q1,1110900.0,59.4,7,9.0,17.1,117725.0,Retail
206122,Yarraville,2021,Q2,1207600.0,56.1,7,9.0,17.1,117725.0,Retail
206122,Yarraville,2021,Q3,1175600.0,54.4,7,9.0,17.1,,Retail
206122,Yarraville,2021,Q4,1289600.0,64.2,7,9.0,17.1,117725.0,Retail
206122,Yarraville,2022,Q1,1228600.0,63.0,7,9.0,17.1,117725.0,Retail
206122,Yarraville,2022,Q2,1278800.0,57.3,7,9.0,17.1,117725.0,Retail
206122,Yarraville,2022,Q3,1283000.0,56.4,7,9.0,17.1,117725.0,Retail
206122,Yarraville,2022,Q4,1281300.0,50.3,7,9.0,17.1,117725.0,Retail
206122,Yarraville,2023,Q1,1280100.0,46.3,7,9.0,17.1,117725.0,Retail
206122,Yarraville,2023,Q2,1254900.0,,7,9.0,17.1,117725.0,Retail
206122,Yarraville,2023,Q3,1303800.0,49.8,7,9.0,17.1,117725.0,Retail
206122,Yarraville,2023,Q4,1280400.0,45.3,7,9.0,17.1,117725.0,Retail
206122,Yarraville,2024,Q1,1254700.0,40.2,7,9.0,17.1,117725.0,Retail
206122,Yarraville,2024,Q2,1263800.0,,7,9.0,17.1,117725.0,Retail
206122,Yarraville,2024,Q3,1288800.0,42.7,7,9.0,17.1,117725.0,Retail
206123,Williamstown,2020,Q1,989400.0,15.5,8,8.0,17.8,106666.0,Retail
206123,Williamstown,2020,Q2,1014200.0,53.1,8,8.0,17.8,106666.0,Retail
206123,Williamstown,2020,Q3,1052600.0,50.2,8,8.0,17.8,106666.0,Retail
206123,Williamstown,2020,Q4,1065700.0,59.0,8,8.0,17.8,106666.0,Retail
206123,Williamstown,2021,Q1,1097000.0,60.0,8,8.0,17.8,106666.0,Retail
206123,Williamstown,2021,Q2,1078300.0,57.8,8,8.0,17.8,106666.0,Retail
206123,Williamstown,2021,Q3,1121500.0,50.7,8,8.0,17.8,106666.0,Retail
206123,Williamstown,2021,Q4,1182500.0,51.2,8,8.0,17.8,106666.0,Retail
206123,Williamstown,2022,Q1,1148600.0,59.0,8,8.0,17.8,106666.0,Retail
206123,Williamstown,2022,Q2,1175800.0,54.3,8,8.0,17.8,106666.0,Retail
206123,Williamstown,2022,Q3,1167300.0,55.3,8,8.0,17.8,106666.0,Retail
206123,Williamstown,2022,Q4,1175300.0,58.5,8,8.0,17.8,106666.0,Retail
206123,Williamstown,2023,Q1,1218900.0,44.8,8,8.0,17.8,106666.0,Retail
206123,Williamstown,2023,Q2,1231300.0,47.3,8,8.0,17.8,106666.0,Retail
206123,Williamstown,2023,Q3,1223700.0,42.1,8,8.0,17.8,,Retail
206123,Williamstown,2023,Q4,1192000.0,45.0,8,8.0,17.8,106666.0,Retail
206123,Williamstown,2024,Q1,1193100.0,46.0,8,8.0,17.8,106666.0,Retail
206123,Williamstown,2024,Q2,1232300.0,41.1,8,8.0,17.8,106666.0,Retail
206123,Williamstown,2024,Q3,1187700.0,40.8,8,8.0,17.8,,Retail
206124,Newport,2020,Q1,797500.0,16.9,6,7.0,19.5,101776.0,Manufacturing
206124,Newport,2020,Q2,813700.0,56.5,6,7.0,19.5,101776.0,Manufacturing
206124,Newport,2020,Q3,836300.0,62.0,6,7.0,19.5,101776.0,Manufacturing
206124,Newport,2020,Q4,829000.0,60.4,6,7.0,19.5,101776.0,Manufacturing
206124,Newport,2021,Q1,861400.0,55.4,6,7.0,19.5,101776.0,Manufacturing
206124,Newport,2021,Q2,857500.0,51.4,6,7.0,19.5,101776.0,Manufacturing
206124,Newport,2021,Q3,908800.0,52.8,6,7.0,19.5,101776.0,Manufacturing
206124,Newport,2021,Q4,937000.0,58.1,6,7.0,19.5,101776.0,Manufacturing
206124,Newport,2022,Q1,928700.0,62.1,6,7.0,19.5,101776.0,Manufacturing
206124,Newport,2022,Q2,952800.0,59.9,6,7.0,19.5,101776.0,Manufacturing
206124,Newport,2022,Q3,965700.0,53.7,6,7.0,19.5,101776.0,Manufacturing
206124,Newport,2022,Q4,956600.0,57.3,6,7.0,19.5,101776.0,Manufacturing
206124,Newport,2023,Q1,952100.0,41.8,6,7.0,19.5,101776.0,Manufacturing
206124,Newport,2023,Q2,968100.0,45.7,6,7.0,19.5,101776.0,Manufacturing
206124,Newport,2023,Q3,943300.0,49.2,6,7.0,19.5,101776.0,Manufacturing
206124,Newport,2023,Q4,973700.0,49.7,6,7.0,19.5,101776.0,Manufacturing
206124,Newport,2024,Q1,940400.0,48.6,6,7.0,19.5,101776.0,Manufacturing
206124,Newport,2024,Q2,965600.0,48.4,6,7.0,19.5,101776.0,Manufacturing
206124,Newport,2024,Q3,970500.0,40.4,6,7.0,19.5,101776.0,Manufacturing
206125,Seddon,2020,Q1,877100.0,16.0,7,9.0,13.4,90944.0,Retail
206125,Seddon,2020,Q2,865100.0,51.2,7,9.0,13.4,90944.0,Retail
206125,Seddon,2020,Q3,910100.0,60.4,7,9.0,13.4,90944.0,Retail
206125,Seddon,2020,Q4,954500.0,51.0,7,9.0,13.4,90944.0,Retail
206125,Seddon,2021,Q1,927900.0,54.7,7,9.0,13.4,90944.0,Retail
206125,Seddon,2021,Q2,1011600.0,54.8,7,9.0,13.4,90944.0,Retail
206125,Seddon,2021,Q3,1014800.0,59.4,7,9.0,13.4,90944.0,Retail
206125,Seddon,2021,Q4,1033300.0,53.5,7,9.0,13.4,90944.0,Retail
206125,Seddon,2022,Q1,1041800.0,50.4,7,9.0,13.4,90944.0,Retail
206125,Seddon,2022,Q2,1047100.0,64.1,7,9.0,13.4,90944.0,Retail
206125,Seddon,2022,Q3,1077300.0,62.0,7,9.0,13.4,90944.0,Retail
206125,Seddon,2022,Q4,1041800.0,57.2,7,9.0,13.4,90944.0,Retail
206125,Seddon,2023,Q1,1077900.0,46.3,7,9.0,13.4,90944.0,Retail
206125,Seddon,2023,Q2,1061200.0,44.2,7,9.0,13.4,90944.0,Retail
206125,Seddon,2023,Q3,1101800.0,47.4,7,9.0,13.4,90944.0,Retail
206125,Seddon,2023,Q4,1050100.0,43.5,7,9.0,13.4,90944.0,Retail
206125,Seddon,2024,Q1,1039300.0,42.9,7,9.0,13.4,90944.0,Retail
206125,Seddon,2024,Q2,1036700.0,40.4,7,9.0,13.4,,Retail
206125,Seddon,2024,Q3,1041700.0,40.2,7,9.0,13.4,90944.0,Retail
206126,West Footscray,2020,Q1,901500.0,13.8,6,9.0,22.1,109344.0,Manufacturing
206126,West Footscray,2020,Q2,892600.0,60.2,6,9.0,22.1,109344.0,Manufacturing
206126,West Footscray,2020,Q3,950600.0,64.2,6,9.0,22.1,109344.0,Manufacturing
206126,West Footscray,2020,Q4,943800.0,57.0,6,9.0,22.1,109344.0,Manufacturing
206126,West Footscray,2021,Q1,940200.0,64.9,6,9.0,22.1,109344.0,Manufacturing
206126,West Footscray,2021,Q2,1008500.0,53.5,6,9.0,22.1,109344.0,Manufacturing
206126,West Footscray,2021,Q3,1032400.0,59.1,6,9.0,22.1,109344.0,Manufacturing
206126,West Footscray,2021,Q4,1056600.0,57.7,6,9.0,22.1,109344.0,Manufacturing
206126,West Footscray,2022,Q1,1028700.0,53.3,6,9.0,22.1,109344.0,Manufacturing
206126,West Footscray,2022,Q2,1052900.0,52.8,6,9.0,22.1,109344.0,Manufacturing
206126,West Footscray,2022,Q3,1060100.0,50.9,6,9.0,22.1,109344.0,Manufacturing
206126,West Footscray,2022,Q4,1097100.0,64.5,6,9.0,22.1,109344.0,Manufacturing
206126,West Footscray,2023,Q1,1097500.0,47.0,6,9.0,22.1,109344.0,Manufacturing
206126,West Footscray,2023,Q2,1077500.0,41.5,6,9.0,22.1,109344.0,Manufacturing
206126,West Footscray,2023,Q3,1077900.0,42.2,6,9.0,22.1,109344.0,Manufacturing
206126,West Footscray,2023,Q4,1091700.0,45.4,6,9.0,22.1,109344.0,Manufacturing
206126,West Footscray,2024,Q1,1096900.0,40.9,6,9.0,22.1,,Manufacturing
206126,West Footscray,2024,Q2,1115600.0,48.8,6,9.0,22.1,109344.0,Manufacturing
206126,West Footscray,2024,Q3,1063700.0,48.9,6,9.0,22.1,109344.0,Manufacturing
206127,Spotswood,2020,Q1,854800.0,19.6,8,8.0,22.1,106217.0,Manufacturing
206127,Spotswood,2020,Q2,853200.0,59.8,8,8.0,22.1,106217.0,Manufacturing
206127,Spotswood,2020,Q3,896100.0,58.3,8,8.0,22.1,106217.0,Manufacturing
206127,Spotswood,2020,Q4,902000.0,55.6,8,8.0,22.1,106217.0,Manufacturing
206127,Spotswood,2021,Q1,903800.0,53.9,8,8.0,22.1,106217.0,Manufacturing
206127,Spotswood,2021,Q2,955100.0,51.2,8,8.0,22.1,106217.0,Manufacturing
206127,Spotswood,2021,Q3,1017900.0,53.3,8,8.0,22.1,106217.0,Manufacturing
206127,Spotswood,2021,Q4,988800.0,62.8,8,8.0,22.1,106217.0,Manufacturing
206127,Spotswood,2022,Q1,999500.0,57.4,8,8.0,22.1,106217.0,Manufacturing
206127,Spotswood,2022,Q2,1067600.0,62.4,8,8.0,22.1,106217.0,Manufacturing
206127,Spotswood,2022,Q3,1014500.0,55.2,8,8.0,22.1,106217.0,Manufacturing
206127,Spotswood,2022,Q4,1037300.0,54.0,8,8.0,22.1,106217.0,Manufacturing
206127,Spotswood,2023,Q1,1056800.0,48.8,8,8.0,22.1,106217.0,Manufacturing
206127,Spotswood,2023,Q2,1053100.0,48.5,8,8.0,22.1,106217.0,Manufacturing
206127,Spotswood,2023,Q3,1063900.0,48.7,8,8.0,22.1,106217.0,Manufacturing
206127,Spotswood,2023,Q4,1046300.0,47.0,8,8.0,22.1,106217.0,Manufacturing
206127,Spotswood,2024,Q1,1026300.0,46.8,8,8.0,22.1,106217.0,Manufacturing
206127,Spotswood,2024,Q2,1056800.0,41.6,8,8.0,22.1,106217.0,Manufacturing
206127,Spotswood,2024,Q3,1041800.0,48.8,8,8.0,22.1,106217.0,Manufacturing
206128,Altona North,2020,Q1,910200.0,13.4,6,7.0,16.4,98604.0,Manufacturing
206128,Altona North,2020,Q2,902000.0,61.2,6,7.0,16.4,98604.0,Manufacturing
206128,Altona North,2020,Q3,950700.0,62.5,6,7.0,16.4,,Manufacturing
206128,Altona North,2020,Q4,952000.0,57.6,6,7.0,16.4,98604.0,Manufacturing
206128,Altona North,2021,Q1,977400.0,59.5,6,7.0,,98604.0,Manufacturing
206128,Altona North,2021,Q2,1014200.0,53.9,6,7.0,16.4,98604.0,Manufacturing
206128,Altona North,2021,Q3,1055100.0,61.7,6,7.0,16.4,98604.0,Manufacturing
206128,Altona North,2021,Q4,1105000.0,51.6,6,7.0,16.4,98604.0,Manufacturing
206128,Altona North,2022,Q1,1060100.0,64.4,6,7.0,16.4,98604.0,Manufacturing
206128,Altona North,2022,Q2,1111300.0,55.1,6,7.0,16.4,98604.0,Manufacturing
206128,Altona North,2022,Q3,1100300.0,51.5,6,7.0,16.4,98604.0,Manufacturing
206128,Altona North,2022,Q4,1088900.0,64.1,6,7.0,16.4,98604.0,Manufacturing
206128,Altona North,2023,Q1,1070700.0,43.0,6,7.0,16.4,98604.0,Manufacturing
206128,Altona North,2023,Q2,1107700.0,47.1,6,7.0,16.4,98604.0,Manufacturing
206128,Altona North,2023,Q3,1106300.0,43.5,6,,16.4,98604.0,Manufacturing
206128,Altona North,2023,Q4,1076000.0,46.2,6,7.0,16.4,98604.0,Manufacturing
206128,Altona North,2024,Q1,1065100.0,47.6,6,7.0,16.4,98604.0,Manufacturing
206128,Altona North,2024,Q2,1098500.0,40.2,6,7.0,16.4,98604.0,Manufacturing
206128,Altona North,2024,Q3,1124400.0,46.8,6,7.0,,98604.0,Manufacturing
206131,Carlton,2020,Q1,1086300.0,14.5,8,8.0,11.8,117092.0,Education
206131,Carlton,2020,Q2,1040100.0,52.5,8,8.0,11.8,117092.0,Education
206131,Carlton,2020,Q3,1074500.0,61.9,8,8.0,11.8,117092.0,Education
206131,Carlton,2020,Q4,1119500.0,51.2,8,8.0,11.8,117092.0,Education
206131,Carlton,2021,Q1,1176100.0,60.2,8,8.0,11.8,117092.0,Education
206131,Carlton,2021,Q2,1175800.0,64.3,8,8.0,11.8,117092.0,Education
206131,Carlton,2021,Q3,1262300.0,52.3,8,8.0,11.8,117092.0,Education
206131,Carlton,2021,Q4,1277900.0,,8,8.0,11.8,117092.0,Education
206131,Carlton,2022,Q1,1253800.0,59.6,8,8.0,11.8,117092.0,Education
206131,Carlton,2022,Q2,1244000.0,64.8,8,8.0,11.8,117092.0,Education
206131,Carlton,2022,Q3,1276800.0,56.1,8,8.0,11.8,117092.0,Education
206131,Carlton,2022,Q4,1285800.0,53.2,8,8.0,11.8,117092.0,Education
206131,Carlton,2023,Q1,1295800.0,40.3,8,8.0,11.8,117092.0,Education
206131,Carlton,2023,Q2,1281300.0,48.6,8,8.0,11.8,117092.0,Education
206131,Carlton,2023,Q3,1352100.0,44.7,8,8.0,11.8,117092.0,Education
206131,Carlton,2023,Q4,1308700.0,47.7,8,8.0,11.8,117092.0,Education
206131,Carlton,2024,Q1,1294600.0,48.4,8,,11.8,117092.0,Education
206131,Carlton,2024,Q2,1315200.0,41.3,8,8.0,,117092.0,Education
206131,Carlton,2024,Q3,1333000.0,40.3,8,8.0,11.8,117092.0,Education
206132,Carlton North,2020,Q1,1263000.0,18.0,8,9.0,20.5,134952.0,Education
206132,Carlton North,2020,Q2,1256400.0,57.2,8,9.0,20.5,134952.0,Education
206132,Carlton North,2020,Q3,1282300.0,53.0,8,9.0,20.5,134952.0,Education
206132,Carlton North,2020,Q4,1369400.0,57.4,8,9.0,20.5,134952.0,Education
206132,Carlton North,2021,Q1,1344600.0,54.0,8,9.0,20.5,134952.0,Education
206132,Carlton North,2021,Q2,1376600.0,62.0,8,9.0,20.5,134952.0,Education
206132,Carlton North,2021,Q3,1422000.0,50.2,8,9.0,20.5,134952.0,Education
206132,Carlton North,2021,Q4,1403800.0,51.1,8,9.0,20.5,134952.0,Education
206132,Carlton North,2022,Q1,1439800.0,59.0,8,9.0,20.5,134952.0,Education
206132,Carlton North,2022,Q2,1412000.0,54.4,8,9.0,20.5,134952.0,Education
206132,Carlton North,2022,Q3,1520900.0,61.7,8,9.0,20.5,134952.0,Education
206132,Carlton North,2022,Q4,1507000.0,50.6,8,9.0,20.5,134952.0,Education
206132,Carlton North,2023,Q1,1459400.0,42.4,8,9.0,20.5,134952.0,Education
206132,Carlton North,2023,Q2,1518400.0,49.9,8,9.0,20.5,134952.0,Education
206132,Carlton North,2023,Q3,1519800.0,46.2,8,9.0,20.5,134952.0,Education
206132,Carlton North,2023,Q4,1468400.0,47.0,8,9.0,20.5,134952.0,Education
206132,Carlton North,2024,Q1,1477100.0,,8,9.0,20.5,134952.0,Education
206132,Carlton North,2024,Q2,1502500.0,45.2,8,9.0,20.5,134952.0,Education
206132,Carlton North,2024,Q3,1494300.0,40.3,8,9.0,20.5,134952.0,Education
206133,Fitzroy,2020,Q1,972300.0,10.8,8,8.0,14.3,106262.0,Tech
206133,Fitzroy,2020,Q2,951200.0,58.5,8,8.0,14.3,106262.0,Tech
206133,Fitzroy,2020,Q3,1012800.0,60.3,8,8.0,14.3,106262.0,Tech
206133,Fitzroy,2020,Q4,1023800.0,52.5,8,8.0,14.3,106262.0,Tech
206133,Fitzroy,2021,Q1,1062900.0,51.6,8,8.0,14.3,106262.0,Tech
206133,Fitzroy,2021,Q2,1124200.0,50.5,8,8.0,14.3,106262.0,Tech
206133,Fitzroy,2021,Q3,1145000.0,64.0,8,8.0,14.3,106262.0,Tech
206133,Fitzroy,2021,Q4,1144500.0,60.6,8,8.0,14.3,106262.0,Tech
206133,Fitzroy,2022,Q1,1123700.0,63.1,8,8.0,14.3,106262.0,Tech
206133,Fitzroy,2022,Q2,1183600.0,55.1,8,8.0,14.3,106262.0,Tech
206133,Fitzroy,2022,Q3,1188100.0,62.2,8,8.0,14.3,106262.0,Tech
206133,Fitzroy,2022,Q4,1201700.0,56.8,8,8.0,14.3,106262.0,Tech
206133,Fitzroy,2023,Q1,1170600.0,46.4,8,8.0,14.3,106262.0,Tech
206133,Fitzroy,2023,Q2,1232200.0,40.8,8,8.0,14.3,106262.0,Tech
206133,Fitzroy,2023,Q3,1195600.0,40.6,8,8.0,14.3,106262.0,Tech
206133,Fitzroy,2023,Q4,1162500.0,48.7,8,8.0,14.3,106262.0,Tech
206133,Fitzroy,2024,Q1,1151300.0,42.2,8,8.0,14.3,106262.0,Tech
206133,Fitzroy,2024,Q2,1189000.0,46.6,8,8.0,14.3,106262.0,Tech
206133,Fitzroy,2024,Q3,1163200.0,45.0,8,8.0,14.3,106262.0,Tech
206134,Fitzroy North,2020,Q1,1165600.0,12.3,8,8.0,14.2,115791.0,Tech
206134,Fitzroy North,2020,Q2,1119200.0,64.9,8,8.0,14.2,115791.0,Tech
206134,Fitzroy North,2020,Q3,1165100.0,53.0,8,8.0,14.2,115791.0,Tech
206134,Fitzroy North,2020,Q4,1186600.0,60.2,8,8.0,14.2,115791.0,Tech
206134,Fitzroy North,2021,Q1,1195000.0,63.0,8,8.0,14.2,115791.0,Tech
206134,Fitzroy North,2021,Q2,1208200.0,60.9,8,8.0,14.2,115791.0,Tech
206134,Fitzroy North,2021,Q3,1272600.0,55.2,8,8.0,14.2,115791.0,Tech
206134,Fitzroy North,2021,Q4,1347800.0,55.6,8,8.0,14.2,115791.0,Tech
206134,Fitzroy North,2022,Q1,1307100.0,,8,8.0,14.2,115791.0,Tech
206134,Fitzroy North,2022,Q2,1356900.0,60.9,8,8.0,14.2,115791.0,Tech
206134,Fitzroy North,2022,Q3,1369900.0,63.5,8,8.0,14.2,115791.0,Tech
206134,Fitzroy North,2022,Q4,1337300.0,56.3,8,8.0,14.2,115791.0,Tech
206134,Fitzroy North,2023,Q1,1350200.0,49.1,8,8.0,14.2,115791.0,Tech
206134,Fitzroy North,2023,Q2,1318300.0,42.1,8,8.0,14.2,115791.0,Tech
206134,Fitzroy North,2023,Q3,1401400.0,47.3,8,8.0,14.2,115791.0,Tech
206134,Fitzroy North,2023,Q4,1383500.0,41.3,8,8.0,14.2,115791.0,Tech
206134,Fitzroy North,2024,Q1,1341900.0,41.8,8,8.0,14.2,115791.0,Tech
206134,Fitzroy North,2024,Q2,1352000.0,42.4,8,8.0,14.2,115791.0,Tech
206134,Fitzroy North,2024,Q3,1344300.0,42.5,8,8.0,14.2,115791.0,Tech
206135,Brunswick,2020,Q1,1104700.0,18.7,9,,20.1,121791.0,Tech
206135,Brunswick,2020,Q2,1079300.0,55.4,9,8.0,20.1,121791.0,Tech
206135,Brunswick,2020,Q3,1051700.0,58.9,9,8.0,20.1,121791.0,Tech
206135,Brunswick,2020,Q4,1125800.0,64.5,9,8.0,20.1,121791.0,Tech
206135,Brunswick,2021,Q1,1124900.0,53.9,9,8.0,20.1,121791.0,Tech
206135,Brunswick,2021,Q2,1166400.0,61.6,9,8.0,20.1,121791.0,Tech
206135,Brunswick,2021,Q3,1259600.0,52.0,9,8.0,20.1,121791.0,Tech
206135,Brunswick,2021,Q4,1250600.0,53.5,9,8.0,,121791.0,Tech
206135,Brunswick,2022,Q1,1258500.0,51.1,9,8.0,20.1,121791.0,Tech
206135,Brunswick,2022,Q2,1275200.0,55.1,9,8.0,20.1,121791.0,Tech
206135,Brunswick,2022,Q3,1251700.0,62.4,9,8.0,20.1,121791.0,Tech
206135,Brunswick,2022,Q4,1242200.0,59.3,9,8.0,,121791.0,Tech
206135,Brunswick,2023,Q1,1265900.0,47.1,9,8.0,20.1,121791.0,Tech
206135,Brunswick,2023,Q2,1294900.0,40.4,9,8.0,20.1,121791.0,Tech
206135,Brunswick,2023,Q3,1294900.0,47.4,9,8.0,20.1,121791.0,Tech
206135,Brunswick,2023,Q4,1281400.0,48.4,9,8.0,20.1,121791.0,Tech
206135,Brunswick,2024,Q1,1325800.0,48.1,9,8.0,20.1,121791.0,Tech
206135,Brunswick,2024,Q2,1315000.0,42.1,9,8.0,20.1,121791.0,Tech
206135,Brunswick,2024,Q3,1294600.0,41.1,9,8.0,20.1,121791.0,Tech
206136,Brunswick East,2020,Q1,978700.0,15.3,8,8.0,19.5,108547.0,Tech
206136,Brunswick East,2020,Q2,964500.0,64.0,8,8.0,19.5,108547.0,Tech
206136,Brunswick East,2020,Q3,1027600.0,54.7,8,8.0,19.5,,Tech
206136,Brunswick East,2020,Q4,1028100.0,57.6,8,8.0,19.5,108547.0,Tech
206136,Brunswick East,2021,Q1,1064100.0,56.8,8,,19.5,,Tech
206136,Brunswick East,2021,Q2,1094900.0,57.7,8,8.0,19.5,108547.0,Tech
206136,Brunswick East,2021,Q3,1164600.0,52.1,8,8.0,19.5,108547.0,Tech
206136,Brunswick East,2021,Q4,1133500.0,50.4,8,8.0,19.5,108547.0,Tech
206136,Brunswick East,2022,Q1,1157100.0,53.0,8,8.0,19.5,108547.0,Tech
206136,Brunswick East,2022,Q2,1132100.0,60.1,8,8.0,19.5,108547.0,Tech
206136,Brunswick East,2022,Q3,1152000.0,63.0,8,8.0,19.5,108547.0,Tech
206136,Brunswick East,2022,Q4,1208800.0,52.7,8,8.0,19.5,108547.0,Tech
206136,Brunswick East,2023,Q1,1179600.0,49.4,8,8.0,19.5,108547.0,Tech
206136,Brunswick East,2023,Q2,1195900.0,46.8,8,8.0,19.5,108547.0,Tech
206136,Brunswick East,2023,Q3,1241100.0,48.7,8,8.0,19.5,,Tech
206136,Brunswick East,2023,Q4,1169800.0,45.7,8,8.0,19.5,108547.0,Tech
206136,Brunswick East,2024,Q1,1181500.0,42.2,8,8.0,19.5,108547.0,Tech
206136,Brunswick East,2024,Q2,1197800.0,46.6,8,8.0,19.5,108547.0,Tech
206136,Brunswick East,2024,Q3,1208200.0,41.1,8,8.0,19.5,108547.0,Tech
206137,Northcote,2020,Q1,1187700.0,16.6,8,8.0,10.6,133709.0,Retail
206137,Northcote,2020,Q2,1195600.0,63.1,8,8.0,10.6,133709.0,Retail
206137,Northcote,2020,Q3,1264300.0,61.7,8,8.0,10.6,133709.0,Retail
206137,Northcote,2020,Q4,1318400.0,63.2,8,,10.6,,Retail
206137,Northcote,2021,Q1,1307700.0,56.1,8,8.0,10.6,133709.0,Retail
206137,Northcote,2021,Q2,1380700.0,62.1,8,8.0,10.6,133709.0,Retail
206137,Northcote,2021,Q3,1352400.0,61.4,8,,10.6,133709.0,Retail
206137,Northcote,2021,Q4,1401400.0,62.3,8,8.0,10.6,133709.0,Retail
206137,Northcote,2022,Q1,1442600.0,51.8,8,8.0,10.6,133709.0,Retail
206137,Northcote,2022,Q2,1429000.0,54.9,8,8.0,10.6,133709.0,Retail
206137,Northcote,2022,Q3,1447300.0,55.5,8,,10.6,133709.0,Retail
206137,Northcote,2022,Q4,1490000.0,55.8,8,8.0,10.6,133709.0,Retail
206137,Northcote,2023,Q1,1413700.0,44.5,8,8.0,10.6,133709.0,Retail
206137,Northcote,2023,Q2,1449900.0,42.3,8,8.0,10.6,133709.0,Retail
206137,Northcote,2023,Q3,1429800.0,40.7,8,8.0,10.6,133709.0,Retail
206137,Northcote,2023,Q4,1500300.0,,8,8.0,10.6,133709.0,Retail
206137,Northcote,2024,Q1,1462600.0,44.6,8,8.0,10.6,133709.0,Retail
206137,Northcote,2024,Q2,1479600.0,45.2,8,8.0,10.6,133709.0,Retail
206137,Northcote,2024,Q3,1441700.0,44.8,8,8.0,10.6,133709.0,Retail
206138,Thornbury,2020,Q1,1121400.0,,7,9.0,13.4,121366.0,Retail
206138,Thornbury,2020,Q2,1098500.0,58.0,7,9.0,13.4,121366.0,Retail
206138,Thornbury,2020,Q3,1224900.0,62.2,7,9.0,13.4,121366.0,Retail
206138,Thornbury,2020,Q4,1225600.0,60.8,7,9.0,13.4,121366.0,Retail
206138,Thornbury,2021,Q1,1248400.0,53.7,7,9.0,13.4,121366.0,Retail
206138,Thornbury,2021,Q2,1286900.0,63.9,7,9.0,13.4,121366.0,Retail
206138,Thornbury,2021,Q3,1295800.0,57.3,7,9.0,13.4,121366.0,Retail
206138,Thornbury,2021,Q4,1330200.0,53.9,7,9.0,13.4,121366.0,Retail
206138,Thornbury,2022,Q1,1305900.0,62.0,7,9.0,13.4,121366.0,Retail
206138,Thornbury,2022,Q2,1330600.0,58.1,7,9.0,13.4,121366.0,Retail
206138,Thornbury,2022,Q3,1398100.0,60.7,7,9.0,13.4,121366.0,Retail
206138,Thornbury,2022,Q4,1327100.0,54.1,7,9.0,13.4,121366.0,Retail
206138,Thornbury,2023,Q1,1337700.0,41.8,7,9.0,13.4,121366.0,Retail
206138,Thornbury,2023,Q2,1387300.0,46.8,7,9.0,13.4,121366.0,Retail
206138,Thornbury,2023,Q3,1396500.0,47.1,7,9.0,13.4,121366.0,Retail
206138,Thornbury,2023,Q4,1341500.0,41.1,7,9.0,13.4,121366.0,Retail
206138,Thornbury,2024,Q1,1317000.0,49.6,7,9.0,13.4,121366.0,Retail
206138,Thornbury,2024,Q2,1389100.0,44.8,7,9.0,13.4,121366.0,Retail
206138,Thornbury,2024,Q3,1383100.0,40.4,7,9.0,13.4,121366.0,Retail
206141,Box Hill,2020,Q1,1120600.0,17.604000000000003,9,6.0,26.8,110064.0,Healthcare
206141,Box Hill,2020,Q2,1076900.0,67.284,9,6.0,26.8,110064.0,Healthcare
206141,Box Hill,2020,Q3,1139400.0,68.364,9,6.0,26.8,110064.0,Healthcare
206141,Box Hill,2020,Q4,1130000.0,63.93600000000001,9,6.0,26.8,110064.0,Healthcare
206141,Box Hill,2021,Q1,1147500.0,60.696000000000005,9,6.0,26.8,110064.0,Healthcare
206141,Box Hill,2021,Q2,1180100.0,66.63600000000001,9,6.0,26.8,110064.0,Healthcare
206141,Box Hill,2021,Q3,1226900.0,,9,6.0,26.8,110064.0,Healthcare
206141,Box Hill,2021,Q4,1257600.0,64.80000000000001,9,,26.8,110064.0,Healthcare
206141,Box Hill,2022,Q1,1291300.0,55.512,9,6.0,26.8,110064.0,Healthcare
206141,Box Hill,2022,Q2,1265200.0,63.504,9,6.0,26.8,110064.0,Healthcare
206141,Box Hill,2022,Q3,1354100.0,56.7,9,6.0,26.8,110064.0,Healthcare
206141,Box Hill,2022,Q4,1312200.0,57.564,9,,26.8,110064.0,Healthcare
206141,Box Hill,2023,Q1,1301100.0,44.28,9,6.0,26.8,110064.0,Healthcare
206141,Box Hill,2023,Q2,1319000.0,49.788000000000004,9,6.0,26.8,110064.0,Healthcare
206141,Box Hill,2023,Q3,1314000.0,49.14,9,6.0,26.8,110064.0,Healthcare
206141,Box Hill,2023,Q4,1288900.0,49.572,9,6.0,26.8,110064.0,Healthcare
206141,Box Hill,2024,Q1,1251300.0,48.6,9,6.0,26.8,110064.0,Healthcare
206141,Box Hill,2024,Q2,1281200.0,47.844,9,6.0,26.8,110064.0,Healthcare
206141,Box Hill,2024,Q3,1344800.0,50.976000000000006,9,6.0,26.8,110064.0,Healthcare
206142,Box Hill South,2020,Q1,1265100.0,12.7,9,7.0,33.2,127231.0,Manufacturing
206142,Box Hill South,2020,Q2,1271900.0,51.2,9,7.0,33.2,127231.0,Manufacturing
206142,Box Hill South,2020,Q3,1277400.0,53.4,9,7.0,33.2,127231.0,Manufacturing
206142,Box Hill South,2020,Q4,1287500.0,55.3,9,7.0,33.2,127231.0,Manufacturing
206142,Box Hill South,2021,Q1,1334400.0,51.0,9,7.0,33.2,127231.0,Manufacturing
206142,Box Hill South,2021,Q2,1366300.0,62.0,9,7.0,33.2,127231.0,Manufacturing
206142,Box Hill South,2021,Q3,1433300.0,63.2,9,7.0,33.2,127231.0,Manufacturing
206142,Box Hill South,2021,Q4,1405500.0,59.8,9,7.0,33.2,127231.0,Manufacturing
206142,Box Hill South,2022,Q1,1387100.0,55.0,9,7.0,33.2,127231.0,Manufacturing
206142,Box Hill South,2022,Q2,1486500.0,60.0,9,7.0,33.2,127231.0,Manufacturing
206142,Box Hill South,2022,Q3,1538600.0,57.0,9,7.0,33.2,127231.0,Manufacturing
206142,Box Hill South,2022,Q4,1498200.0,50.9,9,7.0,,127231.0,Manufacturing
206142,Box Hill South,2023,Q1,1496200.0,41.8,9,7.0,33.2,127231.0,Manufacturing
206142,Box Hill South,2023,Q2,1513500.0,46.9,9,7.0,33.2,127231.0,Manufacturing
206142,Box Hill South,2023,Q3,1516300.0,41.0,9,7.0,33.2,127231.0,Manufacturing
206142,Box Hill South,2023,Q4,1452400.0,44.5,9,7.0,33.2,127231.0,Manufacturing
206142,Box Hill South,2024,Q1,1453500.0,,9,7.0,33.2,127231.0,Manufacturing
206142,Box Hill South,2024,Q2,1530100.0,48.0,9,7.0,33.2,127231.0,Manufacturing
206142,Box Hill South,2024,Q3,1460500.0,49.9,9,7.0,33.2,127231.0,Manufacturing
206143,Glen Waverley,2020,Q1,1024400.0,20.844,7,8.0,38.0,115323.0,Tech
206143,Glen Waverley,2020,Q2,1039800.0,62.424,7,8.0,38.0,115323.0,Tech
206143,Glen Waverley,2020,Q3,1068300.0,64.152,7,8.0,38.0,115323.0,Tech
206143,Glen Waverley,2020,Q4,1087300.0,56.052,7,8.0,38.0,115323.0,Tech
206143,Glen Waverley,2021,Q1,1092200.0,67.392,7,8.0,38.0,115323.0,Tech
206143,Glen Waverley,2021,Q2,1159800.0,54.540000000000006,7,8.0,38.0,115323.0,Tech
206143,Glen Waverley,2021,Q3,1198300.0,58.86000000000001,7,8.0,38.0,115323.0,Tech
206143,Glen Waverley,2021,Q4,1176700.0,55.404,7,8.0,38.0,115323.0,Tech
206143,Glen Waverley,2022,Q1,1159000.0,69.228,7,8.0,38.0,115323.0,Tech
206143,Glen Waverley,2022,Q2,1171400.0,60.480000000000004,7,8.0,38.0,115323.0,Tech
206143,Glen Waverley,2022,Q3,1239400.0,61.236000000000004,7,8.0,38.0,115323.0,Tech
206143,Glen Waverley,2022,Q4,1234100.0,68.904,7,8.0,38.0,115323.0,Tech
206143,Glen Waverley,2023,Q1,1280300.0,48.6,7,8.0,38.0,115323.0,Tech
206143,Glen Waverley,2023,Q2,1247500.0,47.304,7,8.0,38.0,115323.0,Tech
206143,Glen Waverley,2023,Q3,1243000.0,,7,8.0,38.0,115323.0,Tech
206143,Glen Waverley,2023,Q4,1238400.0,51.732,7,8.0,38.0,115323.0,Tech
206143,Glen Waverley,2024,Q1,1223600.0,46.440000000000005,7,8.0,38.0,115323.0,Tech
206143,Glen Waverley,2024,Q2,1226300.0,45.03600000000001,7,8.0,38.0,115323.0,Tech
206143,Glen Waverley,2024,Q3,1212000.0,50.652,7,8.0,38.0,115323.0,Tech
206144,Mount Waverley,2020,Q1,1020700.0,16.4,8,7.0,37.9,114593.0,Tech
206144,Mount Waverley,2020,Q2,1004400.0,62.3,8,7.0,37.9,114593.0,Tech
206144,Mount Waverley,2020,Q3,1053500.0,59.1,8,7.0,37.9,114593.0,Tech
206144,Mount Waverley,2020,Q4,1089300.0,61.5,8,7.0,37.9,114593.0,Tech
206144,Mount Waverley,2021,Q1,1087800.0,56.0,8,,37.9,114593.0,Tech
206144,Mount Waverley,2021,Q2,1102000.0,52.2,8,7.0,37.9,114593.0,Tech
206144,Mount Waverley,2021,Q3,1149300.0,50.4,8,7.0,37.9,114593.0,Tech
206144,Mount Waverley,2021,Q4,1178600.0,52.0,8,7.0,37.9,114593.0,Tech
206144,Mount Waverley,2022,Q1,1179500.0,64.5,8,7.0,37.9,114593.0,Tech
206144,Mount Waverley,2022,Q2,1216000.0,56.5,8,7.0,37.9,114593.0,Tech
206144,Mount Waverley,2022,Q3,1215700.0,56.6,8,7.0,37.9,114593.0,Tech
206144,Mount Waverley,2022,Q4,1163800.0,51.6,8,7.0,,114593.0,Tech
206144,Mount Waverley,2023,Q1,1177500.0,46.2,8,7.0,37.9,114593.0,Tech
206144,Mount Waverley,2023,Q2,1247200.0,46.5,8,7.0,37.9,114593.0,Tech
206144,Mount Waverley,2023,Q3,1227200.0,40.6,8,7.0,37.9,114593.0,Tech
206144,Mount Waverley,2023,Q4,1255300.0,49.9,8,7.0,37.9,114593.0,Tech
206144,Mount Waverley,2024,Q1,1206600.0,49.8,8,7.0,37.9,114593.0,Tech
206144,Mount Waverley,2024,Q2,1209500.0,42.4,8,7.0,37.9,114593.0,Tech
206144,Mount Waverley,2024,Q3,1202800.0,46.9,8,7.0,37.9,114593.0,Tech
206145,Burwood,2020,Q1,914100.0,10.6,7,8.0,32.1,101169.0,Education
206145,Burwood,2020,Q2,908600.0,62.2,7,8.0,32.1,101169.0,Education
206145,Burwood,2020,Q3,950300.0,59.2,7,8.0,32.1,101169.0,Education
206145,Burwood,2020,Q4,984600.0,57.9,7,8.0,32.1,101169.0,Education
206145,Burwood,2021,Q1,951300.0,56.4,7,8.0,32.1,101169.0,Education
206145,Burwood,2021,Q2,992400.0,55.5,7,8.0,32.1,101169.0,Education
206145,Burwood,2021,Q3,1044200.0,56.2,7,8.0,32.1,101169.0,Education
206145,Burwood,2021,Q4,1078100.0,61.5,7,8.0,32.1,101169.0,Education
206145,Burwood,2022,Q1,1078300.0,50.2,7,8.0,32.1,101169.0,Education
206145,Burwood,2022,Q2,1072300.0,50.3,7,8.0,,101169.0,Education
206145,Burwood,2022,Q3,1037900.0,53.9,7,8.0,32.1,101169.0,Education
206145,Burwood,2022,Q4,1080500.0,58.0,7,8.0,32.1,101169.0,Education
206145,Burwood,2023,Q1,1096400.0,42.2,7,8.0,32.1,101169.0,Education
206145,Burwood,2023,Q2,1110800.0,41.1,7,8.0,32.1,101169.0,Education
206145,Burwood,2023,Q3,1124000.0,45.5,7,8.0,32.1,101169.0,Education
206145,Burwood,2023,Q4,1125200.0,41.0,7,8.0,32.1,101169.0,Education
206145,Burwood,2024,Q1,1081200.0,44.9,7,8.0,32.1,101169.0,Education
206145,Burwood,2024,Q2,1088100.0,47.4,7,8.0,32.1,101169.0,Education
206145,Burwood,2024,Q3,1078400.0,44.8,7,8.0,32.1,101169.0,Education
206146,Doncaster,2020,Q1,901100.0,14.6,8,6.0,23.2,113856.0,Retail
206146,Doncaster,2020,Q2,882900.0,61.8,8,6.0,23.2,113856.0,Retail
206146,Doncaster,2020,Q3,944500.0,60.3,8,6.0,23.2,113856.0,Retail
206146,Doncaster,2020,Q4,993700.0,56.6,8,6.0,23.2,113856.0,Retail
206146,Doncaster,2021,Q1,1001100.0,50.6,8,6.0,23.2,113856.0,Retail
206146,Doncaster,2021,Q2,1017800.0,63.5,8,6.0,23.2,113856.0,Retail
206146,Doncaster,2021,Q3,1102300.0,59.9,8,6.0,23.2,113856.0,Retail
206146,Doncaster,2021,Q4,1061500.0,63.4,8,6.0,23.2,113856.0,Retail
206146,Doncaster,2022,Q1,1097900.0,51.0,8,6.0,23.2,113856.0,Retail
206146,Doncaster,2022,Q2,1127000.0,57.8,8,6.0,23.2,113856.0,Retail
206146,Doncaster,2022,Q3,1112900.0,57.7,8,6.0,,113856.0,Retail
206146,Doncaster,2022,Q4,1085600.0,60.2,8,6.0,23.2,113856.0,Retail
206146,Doncaster,2023,Q1,1088000.0,40.7,8,,23.2,113856.0,Retail
206146,Doncaster,2023,Q2,1123500.0,40.1,8,6.0,23.2,113856.0,Retail
206146,Doncaster,2023,Q3,1089200.0,43.5,8,6.0,23.2,,Retail
206146,Doncaster,2023,Q4,1085600.0,47.7,8,6.0,23.2,113856.0,Retail
206146,Doncaster,2024,Q1,1069800.0,41.7,8,6.0,23.2,113856.0,Retail
206146,Doncaster,2024,Q2,1117800.0,41.0,8,,23.2,113856.0,Retail
206146,Doncaster,2024,Q3,1132200.0,42.7,8,6.0,23.2,113856.0,Retail
206147,Doncaster East,2020,Q1,988900.0,10.2,8,6.0,26.5,,Retail
206147,Doncaster East,2020,Q2,979100.0,59.4,8,6.0,26.5,113762.0,Retail
206147,Doncaster East,2020,Q3,992100.0,55.7,8,6.0,26.5,113762.0,Retail
206147,Doncaster East,2020,Q4,1017700.0,59.2,8,6.0,26.5,113762.0,Retail
206147,Doncaster East,2021,Q1,1034100.0,61.6,8,6.0,26.5,113762.0,Retail
206147,Doncaster East,2021,Q2,1091400.0,50.6,8,6.0,26.5,113762.0,Retail
206147,Doncaster East,2021,Q3,1160000.0,64.5,8,6.0,26.5,113762.0,Retail
206147,Doncaster East,2021,Q4,1116000.0,64.7,8,6.0,26.5,113762.0,Retail
206147,Doncaster East,2022,Q1,1146800.0,59.0,8,6.0,26.5,113762.0,Retail
206147,Doncaster East,2022,Q2,1185100.0,62.2,8,6.0,26.5,113762.0,Retail
206147,Doncaster East,2022,Q3,1172100.0,59.8,8,6.0,26.5,113762.0,Retail
206147,Doncaster East,2022,Q4,1149500.0,63.9,8,6.0,26.5,113762.0,Retail
206147,Doncaster East,2023,Q1,1133900.0,42.2,8,6.0,26.5,113762.0,Retail
206147,Doncaster East,2023,Q2,1153200.0,44.4,8,6.0,26.5,113762.0,Retail
206147,Doncaster East,2023,Q3,1131500.0,46.1,8,6.0,26.5,113762.0,Retail
206147,Doncaster East,2023,Q4,1159700.0,48.9,8,6.0,26.5,113762.0,Retail
206147,Doncaster East,2024,Q1,1143400.0,46.5,8,6.0,26.5,113762.0,Retail
206147,Doncaster East,2024,Q2,1183800.0,48.6,8,6.0,26.5,113762.0,Retail
206147,Doncaster East,2024,Q3,1150200.0,48.5,8,6.0,26.5,113762.0,Retail
206148,Surrey Hills,2020,Q1,1138600.0,,9,7.0,31.4,116037.0,Education
206148,Surrey Hills,2020,Q2,1131400.0,56.9,9,7.0,31.4,116037.0,Education
206148,Surrey Hills,2020,Q3,1192100.0,61.6,9,7.0,31.4,116037.0,Education
206148,Surrey Hills,2020,Q4,1218000.0,59.8,9,7.0,31.4,116037.0,Education
206148,Surrey Hills,2021,Q1,1222400.0,64.8,9,7.0,31.4,116037.0,Education
206148,Surrey Hills,2021,Q2,1234600.0,64.1,9,7.0,31.4,116037.0,Education
206148,Surrey Hills,2021,Q3,1313500.0,62.3,9,7.0,31.4,,Education
206148,Surrey Hills,2021,Q4,1307700.0,53.2,9,7.0,31.4,116037.0,Education
206148,Surrey Hills,2022,Q1,1352200.0,61.0,9,7.0,31.4,116037.0,Education
206148,Surrey Hills,2022,Q2,1348200.0,58.1,9,7.0,31.4,116037.0,Education
206148,Surrey Hills,2022,Q3,1366400.0,54.5,9,7.0,31.4,,Education
206148,Surrey Hills,2022,Q4,1427700.0,58.5,9,7.0,31.4,116037.0,Education
206148,Surrey Hills,2023,Q1,1371800.0,46.4,9,7.0,31.4,116037.0,Education
206148,Surrey Hills,2023,Q2,1390800.0,47.6,9,7.0,31.4,116037.0,Education
206148,Surrey Hills,2023,Q3,1376500.0,40.1,9,7.0,31.4,116037.0,Education
206148,Surrey Hills,2023,Q4,1331700.0,42.5,9,7.0,31.4,116037.0,Education
206148,Surrey Hills,2024,Q1,1341800.0,48.0,9,7.0,31.4,116037.0,Education
206148,Surrey Hills,2024,Q2,1340600.0,42.0,9,7.0,31.4,116037.0,Education
206148,Surrey Hills,2024,Q3,1409300.0,46.2,9,7.0,31.4,116037.0,Education
206149,Bentleigh,2020,Q1,990400.0,,9,7.0,37.8,109168.0,Retail
206149,Bentleigh,2020,Q2,990800.0,58.3,9,7.0,37.8,109168.0,Retail
206149,Bentleigh,2020,Q3,1003000.0,50.1,9,7.0,37.8,109168.0,Retail
206149,Bentleigh,2020,Q4,1016200.0,64.4,9,7.0,37.8,109168.0,Retail
206149,Bentleigh,2021,Q1,1061200.0,55.5,9,7.0,37.8,109168.0,Retail
206149,Bentleigh,2021,Q2,1070800.0,54.6,9,7.0,37.8,109168.0,Retail
206149,Bentleigh,2021,Q3,1110900.0,63.1,9,7.0,37.8,109168.0,Retail
206149,Bentleigh,2021,Q4,1179000.0,63.3,9,7.0,37.8,109168.0,Retail
206149,Bentleigh,2022,Q1,1125900.0,58.9,9,7.0,37.8,109168.0,Retail
206149,Bentleigh,2022,Q2,1126200.0,60.4,9,7.0,37.8,109168.0,Retail
206149,Bentleigh,2022,Q3,1128400.0,50.0,9,7.0,37.8,109168.0,Retail
206149,Bentleigh,2022,Q4,1131600.0,61.9,9,7.0,,109168.0,Retail
206149,Bentleigh,2023,Q1,1191800.0,40.9,9,7.0,37.8,109168.0,Retail
206149,Bentleigh,2023,Q2,1174100.0,46.4,9,7.0,37.8,109168.0,Retail
206149,Bentleigh,2023,Q3,1247900.0,40.6,9,7.0,37.8,109168.0,Retail
206149,Bentleigh,2023,Q4,1210400.0,45.6,9,7.0,37.8,109168.0,Retail
206149,Bentleigh,2024,Q1,1205400.0,46.0,9,7.0,37.8,109168.0,Retail
206149,Bentleigh,2024,Q2,1197000.0,42.7,9,7.0,37.8,109168.0,Retail
206149,Bentleigh,2024,Q3,1186900.0,48.3,9,7.0,37.8,109168.0,Retail
206150,Oakleigh,2020,Q1,1180000.0,10.6,8,7.0,29.9,122322.0,Manufacturing
206150,Oakleigh,2020,Q2,1181300.0,55.0,8,7.0,29.9,122322.0,Manufacturing
206150,Oakleigh,2020,Q3,1256900.0,61.8,8,7.0,29.9,122322.0,Manufacturing
206150,Oakleigh,2020,Q4,1284500.0,57.8,8,7.0,29.9,122322.0,Manufacturing
206150,Oakleigh,2021,Q1,1249800.0,54.9,8,7.0,29.9,122322.0,Manufacturing
206150,Oakleigh,2021,Q2,1325800.0,56.5,8,7.0,29.9,122322.0,Manufacturing
206150,Oakleigh,2021,Q3,1366000.0,59.0,8,7.0,29.9,122322.0,Manufacturing
206150,Oakleigh,2021,Q4,1387900.0,61.0,8,7.0,29.9,122322.0,Manufacturing
206150,Oakleigh,2022,Q1,1357200.0,59.5,8,7.0,29.9,122322.0,Manufacturing
206150,Oakleigh,2022,Q2,1467600.0,61.8,8,7.0,29.9,122322.0,Manufacturing
206150,Oakleigh,2022,Q3,1421400.0,62.6,8,7.0,29.9,122322.0,Manufacturing
206150,Oakleigh,2022,Q4,1397700.0,55.8,8,7.0,29.9,122322.0,Manufacturing
206150,Oakleigh,2023,Q1,1472600.0,41.8,8,7.0,29.9,122322.0,Manufacturing
206150,Oakleigh,2023,Q2,1494100.0,43.6,8,7.0,29.9,122322.0,Manufacturing
206150,Oakleigh,2023,Q3,1453500.0,43.0,8,7.0,29.9,122322.0,Manufacturing
206150,Oakleigh,2023,Q4,1382800.0,49.4,8,7.0,29.9,122322.0,Manufacturing
206150,Oakleigh,2024,Q1,1401700.0,48.7,8,7.0,29.9,122322.0,Manufacturing
206150,Oakleigh,2024,Q2,1386400.0,48.4,8,7.0,29.9,122322.0,Manufacturing
206150,Oakleigh,2024,Q3,1446800.0,44.6,8,7.0,29.9,122322.0,Manufacturing
206151,Werribee,2020,Q1,544300.0,14.8,6,4.0,58.2,78478.0,Healthcare
206151,Werribee,2020,Q2,541500.0,51.6,6,4.0,58.2,78478.0,Healthcare
206151,Werribee,2020,Q3,588600.0,55.9,6,4.0,58.2,78478.0,Healthcare
206151,Werribee,2020,Q4,571100.0,59.2,6,4.0,58.2,78478.0,Healthcare
206151,Werribee,2021,Q1,592000.0,52.0,6,4.0,58.2,78478.0,Healthcare
206151,Werribee,2021,Q2,619700.0,64.3,6,4.0,58.2,78478.0,Healthcare
206151,Werribee,2021,Q3,642900.0,,6,4.0,58.2,78478.0,Healthcare
206151,Werribee,2021,Q4,636700.0,53.9,6,4.0,58.2,78478.0,Healthcare
206151,Werribee,2022,Q1,632800.0,53.7,6,4.0,58.2,78478.0,Healthcare
206151,Werribee,2022,Q2,646000.0,54.1,6,4.0,58.2,78478.0,Healthcare
206151,Werribee,2022,Q3,659600.0,61.4,6,4.0,58.2,78478.0,Healthcare
206151,Werribee,2022,Q4,673000.0,51.0,6,4.0,58.2,78478.0,Healthcare
206151,Werribee,2023,Q1,647300.0,49.9,6,4.0,58.2,,Healthcare
206151,Werribee,2023,Q2,632400.0,48.5,6,4.0,58.2,78478.0,Healthcare
206151,Werribee,2023,Q3,676400.0,54.0,6,4.0,58.2,78478.0,Healthcare
206151,Werribee,2023,Q4,658300.0,54.4,6,4.0,58.2,78478.0,Healthcare
206151,Werribee,2024,Q1,655500.0,,6,4.0,58.2,78478.0,Healthcare
206151,Werribee,2024,Q2,636200.0,52.3,6,4.0,58.2,78478.0,Healthcare
206151,Werribee,2024,Q3,649800.0,54.8,6,4.0,58.2,78478.0,Healthcare
206152,Tarneit,2020,Q1,870800.0,12.0,6,4.0,57.8,,Retail
206152,Tarneit,2020,Q2,822900.0,,6,4.0,,101268.0,Retail
206152,Tarneit,2020,Q3,893900.0,54.1,6,4.0,57.8,101268.0,Retail
206152,Tarneit,2020,Q4,899900.0,55.2,6,4.0,57.8,,Retail
206152,Tarneit,2021,Q1,900400.0,62.8,6,4.0,57.8,101268.0,Retail
206152,Tarneit,2021,Q2,935500.0,58.4,6,4.0,57.8,101268.0,Retail
206152,Tarneit,2021,Q3,957800.0,62.9,6,4.0,57.8,101268.0,Retail
206152,Tarneit,2021,Q4,995300.0,60.8,6,4.0,57.8,101268.0,Retail
206152,Tarneit,2022,Q1,993500.0,58.2,6,4.0,57.8,101268.0,Retail
206152,Tarneit,2022,Q2,1003700.0,51.2,6,4.0,57.8,101268.0,Retail
206152,Tarneit,2022,Q3,998300.0,52.5,6,4.0,57.8,101268.0,Retail
206152,Tarneit,2022,Q4,958700.0,64.2,6,4.0,57.8,101268.0,Retail
206152,Tarneit,2023,Q1,1022800.0,49.6,6,4.0,57.8,101268.0,Retail
206152,Tarneit,2023,Q2,1054300.0,49.1,6,4.0,57.8,101268.0,Retail
206152,Tarneit,2023,Q3,1048400.0,45.6,6,4.0,57.8,101268.0,Retail
206152,Tarneit,2023,Q4,1066400.0,50.1,6,4.0,57.8,101268.0,Retail
206152,Tarneit,2024,Q1,1007200.0,45.5,6,4.0,57.8,101268.0,Retail
206152,Tarneit,2024,Q2,1051400.0,52.9,6,4.0,57.8,101268.0,Retail
206152,Tarneit,2024,Q3,1010000.0,46.6,6,4.0,57.8,101268.0,Retail
206153,Point Cook,2020,Q1,863600.0,14.364000000000003,6,5.0,55.5,91864.0,Tech
206153,Point Cook,2020,Q2,866400.0,51.94800000000001,6,5.0,55.5,91864.0,Tech
206153,Point Cook,2020,Q3,936300.0,62.85600000000001,6,5.0,55.5,91864.0,Tech
206153,Point Cook,2020,Q4,916800.0,69.984,6,5.0,55.5,91864.0,Tech
206153,Point Cook,2021,Q1,906400.0,66.528,6,5.0,55.5,91864.0,Tech
206153,Point Cook,2021,Q2,990900.0,62.748000000000005,6,5.0,55.5,91864.0,Tech
206153,Point Cook,2021,Q3,999400.0,62.1,6,5.0,55.5,91864.0,Tech
206153,Point Cook,2021,Q4,1023900.0,67.284,6,5.0,55.5,,Tech
206153,Point Cook,2022,Q1,998400.0,60.156000000000006,6,5.0,55.5,91864.0,Tech
206153,Point Cook,2022,Q2,1037600.0,58.644,6,5.0,55.5,91864.0,Tech
206153,Point Cook,2022,Q3,1014500.0,66.852,6,5.0,55.5,91864.0,Tech
206153,Point Cook,2022,Q4,1081500.0,66.96000000000001,6,5.0,55.5,91864.0,Tech
206153,Point Cook,2023,Q1,1060600.0,52.92,6,5.0,55.5,91864.0,Tech
206153,Point Cook,2023,Q2,1061800.0,50.328,6,5.0,55.5,91864.0,Tech
206153,Point Cook,2023,Q3,1078400.0,56.160000000000004,6,5.0,55.5,91864.0,Tech
206153,Point Cook,2023,Q4,1035200.0,57.888000000000005,6,5.0,55.5,91864.0,Tech
206153,Point Cook,2024,Q1,1056400.0,58.428000000000004,6,5.0,55.5,91864.0,Tech
206153,Point Cook,2024,Q2,1040700.0,50.544,6,5.0,55.5,91864.0,Tech
206153,Point Cook,2024,Q3,1039200.0,58.212,6,5.0,55.5,91864.0,Tech
206154,Cranbourne,2020,Q1,588700.0,14.4,6,6.0,50.9,78058.0,Manufacturing
206154,Cranbourne,2020,Q2,596100.0,54.2,6,6.0,50.9,78058.0,Manufacturing
206154,Cranbourne,2020,Q3,620500.0,59.5,6,6.0,50.9,78058.0,Manufacturing
206154,Cranbourne,2020,Q4,648400.0,56.3,6,6.0,50.9,78058.0,Manufacturing
206154,Cranbourne,2021,Q1,626300.0,63.2,6,6.0,50.9,78058.0,Manufacturing
206154,Cranbourne,2021,Q2,671600.0,56.4,6,6.0,50.9,78058.0,Manufacturing
206154,Cranbourne,2021,Q3,700800.0,60.8,6,6.0,50.9,78058.0,Manufacturing
206154,Cranbourne,2021,Q4,732100.0,63.4,6,6.0,50.9,78058.0,Manufacturing
206154,Cranbourne,2022,Q1,695900.0,52.8,6,6.0,50.9,78058.0,Manufacturing
206154,Cranbourne,2022,Q2,703000.0,62.9,6,6.0,50.9,78058.0,Manufacturing
206154,Cranbourne,2022,Q3,716800.0,60.7,6,6.0,50.9,78058.0,Manufacturing
206154,Cranbourne,2022,Q4,731700.0,54.7,6,6.0,50.9,78058.0,Manufacturing
206154,Cranbourne,2023,Q1,728700.0,49.6,6,6.0,50.9,78058.0,Manufacturing
206154,Cranbourne,2023,Q2,723400.0,48.6,6,6.0,50.9,78058.0,Manufacturing
206154,Cranbourne,2023,Q3,743900.0,48.4,6,6.0,50.9,78058.0,Manufacturing
206154,Cranbourne,2023,Q4,716800.0,46.7,6,6.0,50.9,78058.0,Manufacturing
206154,Cranbourne,2024,Q1,719700.0,46.0,6,6.0,50.9,78058.0,Manufacturing
206154,Cranbourne,2024,Q2,724300.0,47.4,6,6.0,50.9,78058.0,Manufacturing
206154,Cranbourne,2024,Q3,710800.0,49.5,6,6.0,50.9,78058.0,Manufacturing
206155,Cranbourne East,2020,Q1,866800.0,17.5,5,5.0,56.3,99660.0,Manufacturing
206155,Cranbourne East,2020,Q2,890800.0,50.3,5,5.0,56.3,99660.0,Manufacturing
206155,Cranbourne East,2020,Q3,940200.0,57.6,5,5.0,,99660.0,Manufacturing
206155,Cranbourne East,2020,Q4,935300.0,59.5,5,5.0,56.3,99660.0,Manufacturing
206155,Cranbourne East,2021,Q1,941000.0,,5,5.0,56.3,99660.0,Manufacturing
206155,Cranbourne East,2021,Q2,956600.0,60.3,5,5.0,56.3,99660.0,Manufacturing
206155,Cranbourne East,2021,Q3,1031100.0,51.0,5,5.0,56.3,99660.0,Manufacturing
206155,Cranbourne East,2021,Q4,1029900.0,53.4,5,5.0,56.3,99660.0,Manufacturing
206155,Cranbourne East,2022,Q1,1014700.0,62.6,5,5.0,56.3,99660.0,Manufacturing
206155,Cranbourne East,2022,Q2,1059800.0,60.4,5,5.0,56.3,99660.0,Manufacturing
206155,Cranbourne East,2022,Q3,1022800.0,57.7,5,5.0,56.3,99660.0,Manufacturing
206155,Cranbourne East,2022,Q4,1028000.0,50.5,5,5.0,56.3,99660.0,Manufacturing
206155,Cranbourne East,2023,Q1,1030500.0,48.0,5,5.0,56.3,99660.0,Manufacturing
206155,Cranbourne East,2023,Q2,1077900.0,53.7,5,5.0,56.3,99660.0,Manufacturing
206155,Cranbourne East,2023,Q3,1070700.0,52.7,5,5.0,56.3,99660.0,Manufacturing
206155,Cranbourne East,2023,Q4,1068600.0,47.6,5,5.0,56.3,99660.0,Manufacturing
206155,Cranbourne East,2024,Q1,1064600.0,54.1,5,5.0,56.3,99660.0,Manufacturing
206155,Cranbourne East,2024,Q2,1068300.0,46.1,5,5.0,56.3,99660.0,Manufacturing
206155,Cranbourne East,2024,Q3,1094200.0,,5,5.0,56.3,99660.0,Manufacturing
206156,Pakenham,2020,Q1,799400.0,15.5,6,5.0,38.8,95853.0,Manufacturing
206156,Pakenham,2020,Q2,768300.0,50.7,6,5.0,38.8,95853.0,Manufacturing
206156,Pakenham,2020,Q3,799400.0,56.1,6,5.0,38.8,95853.0,Manufacturing
206156,Pakenham,2020,Q4,820200.0,63.8,6,5.0,38.8,95853.0,Manufacturing
206156,Pakenham,2021,Q1,845600.0,54.4,6,5.0,38.8,95853.0,Manufacturing
206156,Pakenham,2021,Q2,860100.0,63.7,6,5.0,38.8,95853.0,Manufacturing
206156,Pakenham,2021,Q3,905200.0,50.3,6,5.0,38.8,95853.0,Manufacturing
206156,Pakenham,2021,Q4,918100.0,64.4,6,5.0,38.8,95853.0,Manufacturing
206156,Pakenham,2022,Q1,886400.0,62.4,6,5.0,38.8,95853.0,Manufacturing
206156,Pakenham,2022,Q2,942500.0,54.2,6,5.0,38.8,95853.0,Manufacturing
206156,Pakenham,2022,Q3,937700.0,51.4,6,5.0,38.8,95853.0,Manufacturing
206156,Pakenham,2022,Q4,963100.0,53.6,6,5.0,38.8,95853.0,Manufacturing
206156,Pakenham,2023,Q1,924800.0,48.0,6,5.0,38.8,95853.0,Manufacturing
206156,Pakenham,2023,Q2,939100.0,51.0,6,5.0,38.8,,Manufacturing
206156,Pakenham,2023,Q3,924900.0,52.4,6,5.0,38.8,95853.0,Manufacturing
206156,Pakenham,2023,Q4,914500.0,45.5,6,5.0,38.8,95853.0,Manufacturing
206156,Pakenham,2024,Q1,939900.0,,6,5.0,38.8,95853.0,Manufacturing
206156,Pakenham,2024,Q2,965500.0,46.9,6,5.0,38.8,95853.0,Manufacturing
206156,Pakenham,2024,Q3,931600.0,52.9,6,5.0,38.8,95853.0,Manufacturing
206157,Craigieburn,2020,Q1,853700.0,10.3,6,5.0,53.9,98219.0,Manufacturing
206157,Craigieburn,2020,Q2,844700.0,46.0,6,5.0,53.9,98219.0,Manufacturing
206157,Craigieburn,2020,Q3,905700.0,57.5,6,5.0,53.9,98219.0,Manufacturing
206157,Craigieburn,2020,Q4,883300.0,51.4,6,5.0,53.9,98219.0,Manufacturing
206157,Craigieburn,2021,Q1,917600.0,63.6,6,5.0,53.9,98219.0,Manufacturing
206157,Craigieburn,2021,Q2,968800.0,63.2,6,5.0,53.9,98219.0,Manufacturing
206157,Craigieburn,2021,Q3,986800.0,58.6,6,5.0,53.9,98219.0,Manufacturing
206157,Craigieburn,2021,Q4,939700.0,54.8,6,5.0,53.9,98219.0,Manufacturing
206157,Craigieburn,2022,Q1,1002800.0,56.5,6,5.0,,98219.0,Manufacturing
206157,Craigieburn,2022,Q2,1020800.0,63.4,6,5.0,53.9,98219.0,Manufacturing
206157,Craigieburn,2022,Q3,1047600.0,56.7,6,,,98219.0,Manufacturing
206157,Craigieburn,2022,Q4,1050300.0,58.9,6,5.0,53.9,98219.0,Manufacturing
206157,Craigieburn,2023,Q1,1040000.0,52.0,6,5.0,53.9,98219.0,Manufacturing
206157,Craigieburn,2023,Q2,1036500.0,46.0,6,5.0,53.9,98219.0,Manufacturing
206157,Craigieburn,2023,Q3,1001700.0,48.8,6,5.0,53.9,98219.0,Manufacturing
206157,Craigieburn,2023,Q4,1068000.0,54.5,6,5.0,53.9,98219.0,Manufacturing
206157,Craigieburn,2024,Q1,1006700.0,51.0,6,5.0,53.9,98219.0,Manufacturing
206157,Craigieburn,2024,Q2,1023400.0,51.3,6,5.0,53.9,98219.0,Manufacturing
206157,Craigieburn,2024,Q3,1057200.0,45.7,6,5.0,53.9,98219.0,Manufacturing
206158,Mernda,2020,Q1,772100.0,14.7,7,6.0,40.1,89206.0,Retail
206158,Mernda,2020,Q2,751400.0,45.7,7,6.0,40.1,89206.0,Retail
206158,Mernda,2020,Q3,802900.0,59.6,7,6.0,40.1,89206.0,Retail
206158,Mernda,2020,Q4,812100.0,55.0,7,6.0,40.1,89206.0,Retail
206158,Mernda,2021,Q1,812100.0,59.2,7,6.0,40.1,89206.0,Retail
206158,Mernda,2021,Q2,868100.0,54.2,7,6.0,40.1,89206.0,Retail
206158,Mernda,2021,Q3,895400.0,50.1,7,6.0,40.1,89206.0,Retail
206158,Mernda,2021,Q4,882500.0,50.1,7,6.0,40.1,89206.0,Retail
206158,Mernda,2022,Q1,899600.0,62.0,7,6.0,40.1,,Retail
206158,Mernda,2022,Q2,910600.0,58.6,7,6.0,40.1,89206.0,Retail
206158,Mernda,2022,Q3,897900.0,64.0,7,6.0,40.1,89206.0,Retail
206158,Mernda,2022,Q4,933100.0,56.0,7,6.0,40.1,,Retail
206158,Mernda,2023,Q1,931100.0,46.1,7,6.0,40.1,89206.0,Retail
206158,Mernda,2023,Q2,932700.0,48.5,7,6.0,40.1,89206.0,Retail
206158,Mernda,2023,Q3,967300.0,49.9,7,6.0,40.1,89206.0,Retail
206158,Mernda,2023,Q4,936900.0,52.0,7,6.0,40.1,89206.0,Retail
206158,Mernda,2024,Q1,911200.0,49.2,7,6.0,40.1,89206.0,Retail
206158,Mernda,2024,Q2,907300.0,49.1,7,6.0,40.1,89206.0,Retail
206158,Mernda,2024,Q3,940600.0,51.1,7,6.0,40.1,89206.0,Retail
206159,Caroline Springs,2020,Q1,559800.0,13.1,6,5.0,38.6,76953.0,Retail
206159,Caroline Springs,2020,Q2,540400.0,48.9,6,5.0,38.6,76953.0,Retail
206159,Caroline Springs,2020,Q3,574300.0,45.9,6,5.0,38.6,76953.0,Retail
206159,Caroline Springs,2020,Q4,601000.0,51.7,6,5.0,38.6,76953.0,Retail
206159,Caroline Springs,2021,Q1,601400.0,55.8,6,5.0,38.6,76953.0,Retail
206159,Caroline Springs,2021,Q2,588300.0,51.8,6,5.0,38.6,76953.0,Retail
206159,Caroline Springs,2021,Q3,622900.0,56.3,6,5.0,38.6,76953.0,Retail
206159,Caroline Springs,2021,Q4,641000.0,51.2,6,5.0,38.6,76953.0,Retail
206159,Caroline Springs,2022,Q1,641000.0,55.3,6,5.0,38.6,76953.0,Retail
206159,Caroline Springs,2022,Q2,655900.0,60.2,6,5.0,38.6,76953.0,Retail
206159,Caroline Springs,2022,Q3,665400.0,55.4,6,5.0,38.6,76953.0,Retail
206159,Caroline Springs,2022,Q4,656900.0,59.5,6,5.0,38.6,76953.0,Retail
206159,Caroline Springs,2023,Q1,655800.0,54.1,6,5.0,38.6,76953.0,Retail
206159,Caroline Springs,2023,Q2,682300.0,52.2,6,5.0,38.6,76953.0,Retail
206159,Caroline Springs,2023,Q3,673300.0,46.2,6,5.0,38.6,76953.0,Retail
206159,Caroline Springs,2023,Q4,647000.0,45.1,6,5.0,,76953.0,Retail
206159,Caroline Springs,2024,Q1,655000.0,49.2,6,5.0,38.6,76953.0,Retail
206159,Caroline Springs,2024,Q2,659800.0,50.8,6,5.0,38.6,76953.0,Retail
206159,Caroline Springs,2024,Q3,636600.0,45.4,6,5.0,38.6,76953.0,Retail
206160,Melton,2020,Q1,554000.0,13.4,5,6.0,40.8,79533.0,Manufacturing
206160,Melton,2020,Q2,532700.0,55.9,5,6.0,40.8,79533.0,Manufacturing
206160,Melton,2020,Q3,581700.0,55.4,5,6.0,40.8,79533.0,Manufacturing
206160,Melton,2020,Q4,585200.0,56.4,5,6.0,40.8,79533.0,Manufacturing
206160,Melton,2021,Q1,574700.0,54.6,5,6.0,40.8,79533.0,Manufacturing
206160,Melton,2021,Q2,624000.0,61.8,5,6.0,40.8,79533.0,Manufacturing
206160,Melton,2021,Q3,647400.0,62.3,5,6.0,40.8,79533.0,Manufacturing
206160,Melton,2021,Q4,637300.0,62.9,5,6.0,40.8,79533.0,Manufacturing
206160,Melton,2022,Q1,636100.0,54.8,5,6.0,40.8,79533.0,Manufacturing
206160,Melton,2022,Q2,662000.0,58.7,5,6.0,40.8,79533.0,Manufacturing
206160,Melton,2022,Q3,674500.0,60.6,5,6.0,40.8,,Manufacturing
206160,Melton,2022,Q4,634200.0,60.3,5,6.0,40.8,79533.0,Manufacturing
206160,Melton,2023,Q1,639100.0,49.3,5,6.0,40.8,79533.0,Manufacturing
206160,Melton,2023,Q2,661800.0,46.4,5,6.0,40.8,79533.0,Manufacturing
206160,Melton,2023,Q3,663100.0,46.5,5,6.0,40.8,79533.0,Manufacturing
206160,Melton,2023,Q4,670200.0,45.3,5,6.0,40.8,79533.0,Manufacturing
206160,Melton,2024,Q1,668400.0,48.4,5,6.0,40.8,79533.0,Manufacturing
206160,Melton,2024,Q2,677700.0,45.7,5,6.0,40.8,79533.0,Manufacturing
206160,Melton,2024,Q3,637100.0,51.8,5,6.0,40.8,79533.0,Manufacturing
206161,Sunbury,2020,Q1,606200.0,16.1,6,4.0,31.6,77613.0,Retail
206161,Sunbury,2020,Q2,591800.0,59.8,6,4.0,31.6,77613.0,Retail
206161,Sunbury,2020,Q3,629100.0,51.8,6,4.0,31.6,77613.0,Retail
206161,Sunbury,2020,Q4,636900.0,57.3,6,4.0,31.6,77613.0,Retail
206161,Sunbury,2021,Q1,662500.0,50.4,6,4.0,31.6,77613.0,Retail
206161,Sunbury,2021,Q2,691000.0,55.8,6,,31.6,77613.0,Retail
206161,Sunbury,2021,Q3,702900.0,50.6,6,4.0,31.6,77613.0,Retail
206161,Sunbury,2021,Q4,713300.0,52.4,6,4.0,31.6,77613.0,Retail
206161,Sunbury,2022,Q1,706400.0,50.4,6,4.0,31.6,77613.0,Retail
206161,Sunbury,2022,Q2,723100.0,54.3,6,4.0,31.6,77613.0,Retail
206161,Sunbury,2022,Q3,756800.0,63.5,6,4.0,31.6,,Retail
206161,Sunbury,2022,Q4,742100.0,59.0,6,4.0,31.6,77613.0,Retail
206161,Sunbury,2023,Q1,724000.0,53.3,6,4.0,31.6,77613.0,Retail
206161,Sunbury,2023,Q2,742800.0,48.9,6,4.0,31.6,77613.0,Retail
206161,Sunbury,2023,Q3,751100.0,48.4,6,4.0,31.6,77613.0,Retail
206161,Sunbury,2023,Q4,718700.0,50.5,6,4.0,31.6,77613.0,Retail
206161,Sunbury,2024,Q1,728800.0,50.4,6,4.0,31.6,77613.0,Retail
206161,Sunbury,2024,Q2,744900.0,49.4,6,4.0,,77613.0,Retail
206161,Sunbury,2024,Q3,742900.0,48.0,6,4.0,31.6,77613.0,Retail
